id,title,source_url,section
liaozhai-19937,《聊斋志异·考城隍》,https://liaozhai.5000yan.com/19937.html,卷一
liaozhai-19938,《聊斋志异·耳中人》,https://liaozhai.5000yan.com/19938.html,卷一
liaozhai-19939,《聊斋志异·尸变》,https://liaozhai.5000yan.com/19939.html,卷一
liaozhai-19940,《聊斋志异·喷水》,https://liaozhai.5000yan.com/19940.html,卷一
liaozhai-19941,《聊斋志异·瞳人语》,https://liaozhai.5000yan.com/19941.html,卷一
liaozhai-19942,《聊斋志异·画壁》,https://liaozhai.5000yan.com/19942.html,卷一
liaozhai-19943,《聊斋志异·山魈》,https://liaozhai.5000yan.com/19943.html,卷一
liaozhai-19944,《聊斋志异·咬鬼》,https://liaozhai.5000yan.com/19944.html,卷一
liaozhai-19945,《聊斋志异·捉狐》,https://liaozhai.5000yan.com/19945.html,卷一
liaozhai-19946,《聊斋志异·荍中怪》,https://liaozhai.5000yan.com/19946.html,卷一
liaozhai-19947,《聊斋志异·宅妖》,https://liaozhai.5000yan.com/19947.html,卷一
liaozhai-19948,《聊斋志异·王六郎》,https://liaozhai.5000yan.com/19948.html,卷一
liaozhai-19949,《聊斋志异·偷桃》,https://liaozhai.5000yan.com/19949.html,卷一
liaozhai-19950,《聊斋志异·种梨》,https://liaozhai.5000yan.com/19950.html,卷一
liaozhai-19951,《聊斋志异·劳山道士》,https://liaozhai.5000yan.com/19951.html,卷一
liaozhai-19952,《聊斋志异·长清僧》,https://liaozhai.5000yan.com/19952.html,卷一
liaozhai-19953,《聊斋志异·蛇人》,https://liaozhai.5000yan.com/19953.html,卷一
liaozhai-19954,《聊斋志异·斫蟒》,https://liaozhai.5000yan.com/19954.html,卷一
liaozhai-19955,《聊斋志异·犬奸》,https://liaozhai.5000yan.com/19955.html,卷一
liaozhai-19956,《聊斋志异·雹神》,https://liaozhai.5000yan.com/19956.html,卷一
liaozhai-19957,《聊斋志异·狐嫁女》,https://liaozhai.5000yan.com/19957.html,卷一
liaozhai-19958,《聊斋志异·娇娜》,https://liaozhai.5000yan.com/19958.html,卷一
liaozhai-19959,《聊斋志异·僧孽》,https://liaozhai.5000yan.com/19959.html,卷一
liaozhai-19960,《聊斋志异·妖术》,https://liaozhai.5000yan.com/19960.html,卷一
liaozhai-19961,《聊斋志异·野狗》,https://liaozhai.5000yan.com/19961.html,卷一
liaozhai-19962,《聊斋志异·三生》,https://liaozhai.5000yan.com/19962.html,卷一
liaozhai-19963,《聊斋志异·狐入瓶》,https://liaozhai.5000yan.com/19963.html,卷一
liaozhai-19964,《聊斋志异·鬼哭》,https://liaozhai.5000yan.com/19964.html,卷一
liaozhai-19965,《聊斋志异·真定女》,https://liaozhai.5000yan.com/19965.html,卷一
liaozhai-19966,《聊斋志异·焦螟》,https://liaozhai.5000yan.com/19966.html,卷一
liaozhai-19967,《聊斋志异·叶生》,https://liaozhai.5000yan.com/19967.html,卷一
liaozhai-19968,《聊斋志异·四十千》,https://liaozhai.5000yan.com/19968.html,卷一
liaozhai-19969,《聊斋志异·成仙》,https://liaozhai.5000yan.com/19969.html,卷一
liaozhai-19970,《聊斋志异·新郎》,https://liaozhai.5000yan.com/19970.html,卷一
liaozhai-19971,《聊斋志异·灵官》,https://liaozhai.5000yan.com/19971.html,卷一
liaozhai-19972,《聊斋志异·王兰》,https://liaozhai.5000yan.com/19972.html,卷一
liaozhai-19973,《聊斋志异·鹰虎神》,https://liaozhai.5000yan.com/19973.html,卷一
liaozhai-19974,《聊斋志异·王成》,https://liaozhai.5000yan.com/19974.html,卷一
liaozhai-19975,《聊斋志异·青凤》,https://liaozhai.5000yan.com/19975.html,卷一
liaozhai-19976,《聊斋志异·画皮》,https://liaozhai.5000yan.com/19976.html,卷一
liaozhai-19977,《聊斋志异·贾儿》,https://liaozhai.5000yan.com/19977.html,卷一
liaozhai-19978,《聊斋志异·蛇癖》,https://liaozhai.5000yan.com/19978.html,卷一
liaozhai-19979,《聊斋志异·金世成》,https://liaozhai.5000yan.com/19979.html,卷二
liaozhai-19980,《聊斋志异·董生》,https://liaozhai.5000yan.com/19980.html,卷二
liaozhai-19981,《聊斋志异·龁石》,https://liaozhai.5000yan.com/19981.html,卷二
liaozhai-19982,《聊斋志异·庙鬼》,https://liaozhai.5000yan.com/19982.html,卷二
liaozhai-19983,《聊斋志异·陆判》,https://liaozhai.5000yan.com/19983.html,卷二
liaozhai-19984,《聊斋志异·婴宁》,https://liaozhai.5000yan.com/19984.html,卷二
liaozhai-19985,《聊斋志异·聂小倩》,https://liaozhai.5000yan.com/19985.html,卷二
liaozhai-19986,《聊斋志异·义鼠》,https://liaozhai.5000yan.com/19986.html,卷二
liaozhai-19987,《聊斋志异·地震》,https://liaozhai.5000yan.com/19987.html,卷二
liaozhai-19988,《聊斋志异·海公子》,https://liaozhai.5000yan.com/19988.html,卷二
liaozhai-19989,《聊斋志异·丁前溪》,https://liaozhai.5000yan.com/19989.html,卷二
liaozhai-19990,《聊斋志异·海大鱼》,https://liaozhai.5000yan.com/19990.html,卷二
liaozhai-19991,《聊斋志异·张老相公》,https://liaozhai.5000yan.com/19991.html,卷二
liaozhai-19992,《聊斋志异·水莽草》,https://liaozhai.5000yan.com/19992.html,卷二
liaozhai-19993,《聊斋志异·造畜》,https://liaozhai.5000yan.com/19993.html,卷二
liaozhai-19994,《聊斋志异·凤阳士人》,https://liaozhai.5000yan.com/19994.html,卷二
liaozhai-19995,《聊斋志异·耿十八》,https://liaozhai.5000yan.com/19995.html,卷二
liaozhai-19996,《聊斋志异·珠儿》,https://liaozhai.5000yan.com/19996.html,卷二
liaozhai-19997,《聊斋志异·小官人》,https://liaozhai.5000yan.com/19997.html,卷二
liaozhai-19998,《聊斋志异·胡四姐》,https://liaozhai.5000yan.com/19998.html,卷二
liaozhai-19999,《聊斋志异·祝翁》,https://liaozhai.5000yan.com/19999.html,卷二
liaozhai-20000,《聊斋志异·猪婆龙》,https://liaozhai.5000yan.com/20000.html,卷二
liaozhai-20001,《聊斋志异·某公》,https://liaozhai.5000yan.com/20001.html,卷二
liaozhai-20002,《聊斋志异·快刀》,https://liaozhai.5000yan.com/20002.html,卷二
liaozhai-20003,《聊斋志异·侠女》,https://liaozhai.5000yan.com/20003.html,卷二
liaozhai-20004,《聊斋志异·酒友》,https://liaozhai.5000yan.com/20004.html,卷二
liaozhai-20005,《聊斋志异·莲香》,https://liaozhai.5000yan.com/20005.html,卷二
liaozhai-20006,《聊斋志异·阿宝》,https://liaozhai.5000yan.com/20006.html,卷二
liaozhai-20007,《聊斋志异·九山王》,https://liaozhai.5000yan.com/20007.html,卷二
liaozhai-20008,《聊斋志异·遵化署狐》,https://liaozhai.5000yan.com/20008.html,卷二
liaozhai-20009,《聊斋志异·张诚》,https://liaozhai.5000yan.com/20009.html,卷二
liaozhai-20010,《聊斋志异·汾州狐》,https://liaozhai.5000yan.com/20010.html,卷二
liaozhai-20011,《聊斋志异·巧娘》,https://liaozhai.5000yan.com/20011.html,卷二
liaozhai-20012,《聊斋志异·吴令》,https://liaozhai.5000yan.com/20012.html,卷二
liaozhai-20013,《聊斋志异·口技》,https://liaozhai.5000yan.com/20013.html,卷二
liaozhai-20014,《聊斋志异·狐联》,https://liaozhai.5000yan.com/20014.html,卷二
liaozhai-20015,《聊斋志异·潍水狐》,https://liaozhai.5000yan.com/20015.html,卷二
liaozhai-20016,《聊斋志异·红玉》,https://liaozhai.5000yan.com/20016.html,卷二
liaozhai-20017,《聊斋志异·龙》,https://liaozhai.5000yan.com/20017.html,卷二
liaozhai-20018,《聊斋志异·林四娘》,https://liaozhai.5000yan.com/20018.html,卷二
liaozhai-20019,《聊斋志异·江中》,https://liaozhai.5000yan.com/20019.html,卷三
liaozhai-20020,《聊斋志异·鲁公女》,https://liaozhai.5000yan.com/20020.html,卷三
liaozhai-20021,《聊斋志异·道士》,https://liaozhai.5000yan.com/20021.html,卷三
liaozhai-20022,《聊斋志异·胡氏》,https://liaozhai.5000yan.com/20022.html,卷三
liaozhai-20023,《聊斋志异·戏术》,https://liaozhai.5000yan.com/20023.html,卷三
liaozhai-20024,《聊斋志异·丐僧》,https://liaozhai.5000yan.com/20024.html,卷三
liaozhai-20025,《聊斋志异·伏狐》,https://liaozhai.5000yan.com/20025.html,卷三
liaozhai-20026,《聊斋志异·蛰龙》,https://liaozhai.5000yan.com/20026.html,卷三
liaozhai-20027,《聊斋志异·苏仙》,https://liaozhai.5000yan.com/20027.html,卷三
liaozhai-20028,《聊斋志异·李伯言》,https://liaozhai.5000yan.com/20028.html,卷三
liaozhai-20029,《聊斋志异·黄九郎》,https://liaozhai.5000yan.com/20029.html,卷三
liaozhai-20030,《聊斋志异·金陵女子》,https://liaozhai.5000yan.com/20030.html,卷三
liaozhai-20031,《聊斋志异·汤公》,https://liaozhai.5000yan.com/20031.html,卷三
liaozhai-20032,《聊斋志异·阎罗》,https://liaozhai.5000yan.com/20032.html,卷三
liaozhai-20033,《聊斋志异·连琐》,https://liaozhai.5000yan.com/20033.html,卷三
liaozhai-20034,《聊斋志异·单道士》,https://liaozhai.5000yan.com/20034.html,卷三
liaozhai-20035,《聊斋志异·白于玉》,https://liaozhai.5000yan.com/20035.html,卷三
liaozhai-20036,《聊斋志异·夜叉国》,https://liaozhai.5000yan.com/20036.html,卷三
liaozhai-20037,《聊斋志异·小髻》,https://liaozhai.5000yan.com/20037.html,卷三
liaozhai-20038,《聊斋志异·西僧》,https://liaozhai.5000yan.com/20038.html,卷三
liaozhai-20039,《聊斋志异·老饕》,https://liaozhai.5000yan.com/20039.html,卷三
liaozhai-20040,《聊斋志异·连城》,https://liaozhai.5000yan.com/20040.html,卷三
liaozhai-20041,《聊斋志异·霍生》,https://liaozhai.5000yan.com/20041.html,卷三
liaozhai-20042,《聊斋志异·汪士秀》,https://liaozhai.5000yan.com/20042.html,卷三
liaozhai-20043,《聊斋志异·商三官》,https://liaozhai.5000yan.com/20043.html,卷三
liaozhai-20044,《聊斋志异·于江》,https://liaozhai.5000yan.com/20044.html,卷三
liaozhai-20045,《聊斋志异·小二》,https://liaozhai.5000yan.com/20045.html,卷三
liaozhai-20046,《聊斋志异·庚娘》,https://liaozhai.5000yan.com/20046.html,卷三
liaozhai-20047,《聊斋志异·宫梦弼》,https://liaozhai.5000yan.com/20047.html,卷三
liaozhai-20048,《聊斋志异·雊鹆》,https://liaozhai.5000yan.com/20048.html,卷三
liaozhai-20049,《聊斋志异·刘海石》,https://liaozhai.5000yan.com/20049.html,卷三
liaozhai-20050,《聊斋志异·谕鬼》,https://liaozhai.5000yan.com/20050.html,卷三
liaozhai-20051,《聊斋志异·泥鬼》,https://liaozhai.5000yan.com/20051.html,卷三
liaozhai-20052,《聊斋志异·梦别》,https://liaozhai.5000yan.com/20052.html,卷三
liaozhai-20053,《聊斋志异·犬灯》,https://liaozhai.5000yan.com/20053.html,卷三
liaozhai-20054,《聊斋志异·番僧》,https://liaozhai.5000yan.com/20054.html,卷三
liaozhai-20055,《聊斋志异·狐妾》,https://liaozhai.5000yan.com/20055.html,卷三
liaozhai-20056,《聊斋志异·雷曹》,https://liaozhai.5000yan.com/20056.html,卷三
liaozhai-20057,《聊斋志异·赌符》,https://liaozhai.5000yan.com/20057.html,卷三
liaozhai-20058,《聊斋志异·阿霞》,https://liaozhai.5000yan.com/20058.html,卷三
liaozhai-20059,《聊斋志异·李司鉴》,https://liaozhai.5000yan.com/20059.html,卷三
liaozhai-20060,《聊斋志异·五羖大夫》,https://liaozhai.5000yan.com/20060.html,卷三
liaozhai-20061,《聊斋志异·毛狐》,https://liaozhai.5000yan.com/20061.html,卷三
liaozhai-20062,《聊斋志异·翩翩》,https://liaozhai.5000yan.com/20062.html,卷三
liaozhai-20063,《聊斋志异·黑兽》,https://liaozhai.5000yan.com/20063.html,卷三
liaozhai-20064,《聊斋志异·余德》,https://liaozhai.5000yan.com/20064.html,卷四
liaozhai-20065,《聊斋志异·杨千总》,https://liaozhai.5000yan.com/20065.html,卷四
liaozhai-20066,《聊斋志异·瓜异》,https://liaozhai.5000yan.com/20066.html,卷四
liaozhai-20067,《聊斋志异·青梅》,https://liaozhai.5000yan.com/20067.html,卷四
liaozhai-20068,《聊斋志异·罗刹海市》,https://liaozhai.5000yan.com/20068.html,卷四
liaozhai-20069,《聊斋志异·田七郎》,https://liaozhai.5000yan.com/20069.html,卷四
liaozhai-20070,《聊斋志异·产龙》,https://liaozhai.5000yan.com/20070.html,卷四
liaozhai-20071,《聊斋志异·保住》,https://liaozhai.5000yan.com/20071.html,卷四
liaozhai-20072,《聊斋志异·公孙九娘》,https://liaozhai.5000yan.com/20072.html,卷四
liaozhai-20073,《聊斋志异·促织》,https://liaozhai.5000yan.com/20073.html,卷四
liaozhai-20074,《聊斋志异·柳秀才》,https://liaozhai.5000yan.com/20074.html,卷四
liaozhai-20075,《聊斋志异·水灾》,https://liaozhai.5000yan.com/20075.html,卷四
liaozhai-20076,《聊斋志异·诸城某甲》,https://liaozhai.5000yan.com/20076.html,卷四
liaozhai-20077,《聊斋志异·库官》,https://liaozhai.5000yan.com/20077.html,卷四
liaozhai-20078,《聊斋志异·酆都御史》,https://liaozhai.5000yan.com/20078.html,卷四
liaozhai-20079,《聊斋志异·龙无目》,https://liaozhai.5000yan.com/20079.html,卷四
liaozhai-20080,《聊斋志异·狐谐》,https://liaozhai.5000yan.com/20080.html,卷四
liaozhai-20081,《聊斋志异·雨钱》,https://liaozhai.5000yan.com/20081.html,卷四
liaozhai-20082,《聊斋志异·妾击贼》,https://liaozhai.5000yan.com/20082.html,卷四
liaozhai-20083,《聊斋志异·驱怪》,https://liaozhai.5000yan.com/20083.html,卷四
liaozhai-20084,《聊斋志异·姊妹易嫁》,https://liaozhai.5000yan.com/20084.html,卷四
liaozhai-20085,《聊斋志异·续黄粱》,https://liaozhai.5000yan.com/20085.html,卷四
liaozhai-20086,《聊斋志异·龙取水》,https://liaozhai.5000yan.com/20086.html,卷四
liaozhai-20087,《聊斋志异·小猎犬》,https://liaozhai.5000yan.com/20087.html,卷四
liaozhai-20088,《聊斋志异·棋鬼》,https://liaozhai.5000yan.com/20088.html,卷四
liaozhai-20089,《聊斋志异·辛十四娘》,https://liaozhai.5000yan.com/20089.html,卷四
liaozhai-20090,《聊斋志异·白莲教》,https://liaozhai.5000yan.com/20090.html,卷四
liaozhai-20091,《聊斋志异·双灯》,https://liaozhai.5000yan.com/20091.html,卷四
liaozhai-20092,《聊斋志异·捉鬼射狐》,https://liaozhai.5000yan.com/20092.html,卷四
liaozhai-20093,《聊斋志异·蹇偿债》,https://liaozhai.5000yan.com/20093.html,卷四
liaozhai-20094,《聊斋志异·头滚》,https://liaozhai.5000yan.com/20094.html,卷四
liaozhai-20095,《聊斋志异·鬼作筵》,https://liaozhai.5000yan.com/20095.html,卷四
liaozhai-20096,《聊斋志异·胡四相公》,https://liaozhai.5000yan.com/20096.html,卷四
liaozhai-20097,《聊斋志异·念秧》,https://liaozhai.5000yan.com/20097.html,卷四
liaozhai-20098,《聊斋志异·蛙曲》,https://liaozhai.5000yan.com/20098.html,卷四
liaozhai-20099,《聊斋志异·鼠戏》,https://liaozhai.5000yan.com/20099.html,卷四
liaozhai-20100,《聊斋志异·泥书生》,https://liaozhai.5000yan.com/20100.html,卷四
liaozhai-20101,《聊斋志异·土地夫人》,https://liaozhai.5000yan.com/20101.html,卷四
liaozhai-20102,《聊斋志异·寒月芙蕖》,https://liaozhai.5000yan.com/20102.html,卷四
liaozhai-20103,《聊斋志异·酒狂》,https://liaozhai.5000yan.com/20103.html,卷四
liaozhai-20104,《聊斋志异·阳武侯》,https://liaozhai.5000yan.com/20104.html,卷五
liaozhai-20105,《聊斋志异·赵城虎》,https://liaozhai.5000yan.com/20105.html,卷五
liaozhai-20106,《聊斋志异·螳螂捕蛇》,https://liaozhai.5000yan.com/20106.html,卷五
liaozhai-20107,《聊斋志异·武技》,https://liaozhai.5000yan.com/20107.html,卷五
liaozhai-20108,《聊斋志异·小人》,https://liaozhai.5000yan.com/20108.html,卷五
liaozhai-20109,《聊斋志异·秦生》,https://liaozhai.5000yan.com/20109.html,卷五
liaozhai-20110,《聊斋志异·鸦头》,https://liaozhai.5000yan.com/20110.html,卷五
liaozhai-20111,《聊斋志异·酒虫》,https://liaozhai.5000yan.com/20111.html,卷五
liaozhai-20112,《聊斋志异·木雕美人》,https://liaozhai.5000yan.com/20112.html,卷五
liaozhai-20113,《聊斋志异·封三娘》,https://liaozhai.5000yan.com/20113.html,卷五
liaozhai-20114,《聊斋志异·狐梦》,https://liaozhai.5000yan.com/20114.html,卷五
liaozhai-20115,《聊斋志异·布客》,https://liaozhai.5000yan.com/20115.html,卷五
liaozhai-20116,《聊斋志异·农人》,https://liaozhai.5000yan.com/20116.html,卷五
liaozhai-20117,《聊斋志异·章阿端》,https://liaozhai.5000yan.com/20117.html,卷五
liaozhai-20118,《聊斋志异·馎饦媪》,https://liaozhai.5000yan.com/20118.html,卷五
liaozhai-20119,《聊斋志异·金永年》,https://liaozhai.5000yan.com/20119.html,卷五
liaozhai-20120,《聊斋志异·花姑子》,https://liaozhai.5000yan.com/20120.html,卷五
liaozhai-20121,《聊斋志异·武孝廉》,https://liaozhai.5000yan.com/20121.html,卷五
liaozhai-20122,《聊斋志异·西湖主》,https://liaozhai.5000yan.com/20122.html,卷五
liaozhai-20123,《聊斋志异·孝子》,https://liaozhai.5000yan.com/20123.html,卷五
liaozhai-20124,《聊斋志异·狮子》,https://liaozhai.5000yan.com/20124.html,卷五
liaozhai-20125,《聊斋志异·阎王》,https://liaozhai.5000yan.com/20125.html,卷五
liaozhai-20126,《聊斋志异·土偶》,https://liaozhai.5000yan.com/20126.html,卷五
liaozhai-20127,《聊斋志异·长治女子》,https://liaozhai.5000yan.com/20127.html,卷五
liaozhai-20128,《聊斋志异·义犬》,https://liaozhai.5000yan.com/20128.html,卷五
liaozhai-20129,《聊斋志异·鄱阳神》,https://liaozhai.5000yan.com/20129.html,卷五
liaozhai-20130,《聊斋志异·伍秋月》,https://liaozhai.5000yan.com/20130.html,卷五
liaozhai-20131,《聊斋志异·莲花公主》,https://liaozhai.5000yan.com/20131.html,卷五
liaozhai-20132,《聊斋志异·绿衣女》,https://liaozhai.5000yan.com/20132.html,卷五
liaozhai-20133,《聊斋志异·黎氏》,https://liaozhai.5000yan.com/20133.html,卷五
liaozhai-20134,《聊斋志异·荷花三娘子》,https://liaozhai.5000yan.com/20134.html,卷五
liaozhai-20135,《聊斋志异·骂鸭》,https://liaozhai.5000yan.com/20135.html,卷五
liaozhai-20136,《聊斋志异·柳氏子》,https://liaozhai.5000yan.com/20136.html,卷五
liaozhai-20137,《聊斋志异·上仙》,https://liaozhai.5000yan.com/20137.html,卷五
liaozhai-20138,《聊斋志异·侯静山》,https://liaozhai.5000yan.com/20138.html,卷五
liaozhai-20139,《聊斋志异·钱流》,https://liaozhai.5000yan.com/20139.html,卷五
liaozhai-20140,《聊斋志异·郭生》,https://liaozhai.5000yan.com/20140.html,卷五
liaozhai-20141,《聊斋志异·金生色》,https://liaozhai.5000yan.com/20141.html,卷五
liaozhai-20142,《聊斋志异·彭海秋》,https://liaozhai.5000yan.com/20142.html,卷五
liaozhai-20143,《聊斋志异·堪舆》,https://liaozhai.5000yan.com/20143.html,卷五
liaozhai-20144,《聊斋志异·窦氏》,https://liaozhai.5000yan.com/20144.html,卷五
liaozhai-20145,《聊斋志异·梁彦》,https://liaozhai.5000yan.com/20145.html,卷五
liaozhai-20146,《聊斋志异·龙肉》,https://liaozhai.5000yan.com/20146.html,卷五
liaozhai-20147,《聊斋志异·潞令》,https://liaozhai.5000yan.com/20147.html,卷六
liaozhai-20148,《聊斋志异·马介甫》,https://liaozhai.5000yan.com/20148.html,卷六
liaozhai-20149,《聊斋志异·魁星》,https://liaozhai.5000yan.com/20149.html,卷六
liaozhai-20150,《聊斋志异·厍将军》,https://liaozhai.5000yan.com/20150.html,卷六
liaozhai-20151,《聊斋志异·绛妃》,https://liaozhai.5000yan.com/20151.html,卷六
liaozhai-20152,《聊斋志异·河间生》,https://liaozhai.5000yan.com/20152.html,卷六
liaozhai-20153,《聊斋志异·云翠仙》,https://liaozhai.5000yan.com/20153.html,卷六
liaozhai-20154,《聊斋志异·跳神》,https://liaozhai.5000yan.com/20154.html,卷六
liaozhai-20155,《聊斋志异·铁布衫法》,https://liaozhai.5000yan.com/20155.html,卷六
liaozhai-20156,《聊斋志异·大力将军》,https://liaozhai.5000yan.com/20156.html,卷六
liaozhai-20157,《聊斋志异·白莲教》,https://liaozhai.5000yan.com/20157.html,卷六
liaozhai-20158,《聊斋志异·颜氏》,https://liaozhai.5000yan.com/20158.html,卷六
liaozhai-20159,《聊斋志异·杜翁》,https://liaozhai.5000yan.com/20159.html,卷六
liaozhai-20160,《聊斋志异·小谢》,https://liaozhai.5000yan.com/20160.html,卷六
liaozhai-20161,《聊斋志异·缢鬼》,https://liaozhai.5000yan.com/20161.html,卷六
liaozhai-20162,《聊斋志异·吴门画工》,https://liaozhai.5000yan.com/20162.html,卷六
liaozhai-20163,《聊斋志异·林氏》,https://liaozhai.5000yan.com/20163.html,卷六
liaozhai-20164,《聊斋志异·胡大姑》,https://liaozhai.5000yan.com/20164.html,卷六
liaozhai-20165,《聊斋志异·细侯》,https://liaozhai.5000yan.com/20165.html,卷六
liaozhai-20166,《聊斋志异·狼三则》,https://liaozhai.5000yan.com/20166.html,卷六
liaozhai-20167,《聊斋志异·美人首》,https://liaozhai.5000yan.com/20167.html,卷六
liaozhai-20168,《聊斋志异·刘亮采》,https://liaozhai.5000yan.com/20168.html,卷六
liaozhai-20169,《聊斋志异·蕙芳》,https://liaozhai.5000yan.com/20169.html,卷六
liaozhai-20170,《聊斋志异·山神》,https://liaozhai.5000yan.com/20170.html,卷六
liaozhai-20171,《聊斋志异·萧七》,https://liaozhai.5000yan.com/20171.html,卷六
liaozhai-20172,《聊斋志异·乱离二则》,https://liaozhai.5000yan.com/20172.html,卷六
liaozhai-20173,《聊斋志异·豢蛇》,https://liaozhai.5000yan.com/20173.html,卷六
liaozhai-20174,《聊斋志异·雷公》,https://liaozhai.5000yan.com/20174.html,卷六
liaozhai-20175,《聊斋志异·菱角》,https://liaozhai.5000yan.com/20175.html,卷六
liaozhai-20176,《聊斋志异·饿鬼》,https://liaozhai.5000yan.com/20176.html,卷六
liaozhai-20177,《聊斋志异·考弊司》,https://liaozhai.5000yan.com/20177.html,卷六
liaozhai-20178,《聊斋志异·阎罗》,https://liaozhai.5000yan.com/20178.html,卷六
liaozhai-20179,《聊斋志异·大人》,https://liaozhai.5000yan.com/20179.html,卷六
liaozhai-20180,《聊斋志异·向杲》,https://liaozhai.5000yan.com/20180.html,卷六
liaozhai-20181,《聊斋志异·董公子》,https://liaozhai.5000yan.com/20181.html,卷六
liaozhai-20182,《聊斋志异·周三》,https://liaozhai.5000yan.com/20182.html,卷六
liaozhai-20183,《聊斋志异·鸽异》,https://liaozhai.5000yan.com/20183.html,卷六
liaozhai-20184,《聊斋志异·聂政》,https://liaozhai.5000yan.com/20184.html,卷六
liaozhai-20185,《聊斋志异·冷生》,https://liaozhai.5000yan.com/20185.html,卷六
liaozhai-20186,《聊斋志异·狐惩淫》,https://liaozhai.5000yan.com/20186.html,卷六
liaozhai-20187,《聊斋志异·山市》,https://liaozhai.5000yan.com/20187.html,卷六
liaozhai-20188,《聊斋志异·江城》,https://liaozhai.5000yan.com/20188.html,卷六
liaozhai-20189,《聊斋志异·孙生》,https://liaozhai.5000yan.com/20189.html,卷六
liaozhai-20190,《聊斋志异·八大王》,https://liaozhai.5000yan.com/20190.html,卷六
liaozhai-20191,《聊斋志异·戏缢》,https://liaozhai.5000yan.com/20191.html,卷六
liaozhai-20192,《聊斋志异·罗祖》,https://liaozhai.5000yan.com/20192.html,卷七
liaozhai-20193,《聊斋志异·刘姓》,https://liaozhai.5000yan.com/20193.html,卷七
liaozhai-20194,《聊斋志异·邵女》,https://liaozhai.5000yan.com/20194.html,卷七
liaozhai-20195,《聊斋志异·巩仙》,https://liaozhai.5000yan.com/20195.html,卷七
liaozhai-20196,《聊斋志异·二商》,https://liaozhai.5000yan.com/20196.html,卷七
liaozhai-20197,《聊斋志异·沂水秀才》,https://liaozhai.5000yan.com/20197.html,卷七
liaozhai-20198,《聊斋志异·梅女》,https://liaozhai.5000yan.com/20198.html,卷七
liaozhai-20199,《聊斋志异·郭秀才》,https://liaozhai.5000yan.com/20199.html,卷七
liaozhai-20200,《聊斋志异·死僧》,https://liaozhai.5000yan.com/20200.html,卷七
liaozhai-20201,《聊斋志异·阿英》,https://liaozhai.5000yan.com/20201.html,卷七
liaozhai-20202,《聊斋志异·橘树》,https://liaozhai.5000yan.com/20202.html,卷七
liaozhai-20203,《聊斋志异·赤字》,https://liaozhai.5000yan.com/20203.html,卷七
liaozhai-20204,《聊斋志异·牛成章》,https://liaozhai.5000yan.com/20204.html,卷七
liaozhai-20205,《聊斋志异·青娥》,https://liaozhai.5000yan.com/20205.html,卷七
liaozhai-20206,《聊斋志异·镜听》,https://liaozhai.5000yan.com/20206.html,卷七
liaozhai-20207,《聊斋志异·牛癀》,https://liaozhai.5000yan.com/20207.html,卷七
liaozhai-20208,《聊斋志异·金姑夫》,https://liaozhai.5000yan.com/20208.html,卷七
liaozhai-20209,《聊斋志异·梓潼令》,https://liaozhai.5000yan.com/20209.html,卷七
liaozhai-20210,《聊斋志异·鬼津》,https://liaozhai.5000yan.com/20210.html,卷七
liaozhai-20211,《聊斋志异·仙人岛》,https://liaozhai.5000yan.com/20211.html,卷七
liaozhai-20212,《聊斋志异·阎罗薨》,https://liaozhai.5000yan.com/20212.html,卷七
liaozhai-20213,《聊斋志异·颠道人》,https://liaozhai.5000yan.com/20213.html,卷七
liaozhai-20214,《聊斋志异·胡四娘》,https://liaozhai.5000yan.com/20214.html,卷七
liaozhai-20215,《聊斋志异·僧术》,https://liaozhai.5000yan.com/20215.html,卷七
liaozhai-20216,《聊斋志异·禄数》,https://liaozhai.5000yan.com/20216.html,卷七
liaozhai-20217,《聊斋志异·柳生》,https://liaozhai.5000yan.com/20217.html,卷七
liaozhai-20218,《聊斋志异·冤狱》,https://liaozhai.5000yan.com/20218.html,卷七
liaozhai-20219,《聊斋志异·鬼令》,https://liaozhai.5000yan.com/20219.html,卷七
liaozhai-20220,《聊斋志异·甄后》,https://liaozhai.5000yan.com/20220.html,卷七
liaozhai-20221,《聊斋志异·宦娘》,https://liaozhai.5000yan.com/20221.html,卷七
liaozhai-20222,《聊斋志异·阿绣》,https://liaozhai.5000yan.com/20222.html,卷七
liaozhai-20223,《聊斋志异·杨疤眼》,https://liaozhai.5000yan.com/20223.html,卷七
liaozhai-20224,《聊斋志异·小翠》,https://liaozhai.5000yan.com/20224.html,卷七
liaozhai-20225,《聊斋志异·金和尚》,https://liaozhai.5000yan.com/20225.html,卷七
liaozhai-20226,《聊斋志异·龙戏蛛》,https://liaozhai.5000yan.com/20226.html,卷七
liaozhai-20227,《聊斋志异·商妇》,https://liaozhai.5000yan.com/20227.html,卷七
liaozhai-20228,《聊斋志异·阎罗宴》,https://liaozhai.5000yan.com/20228.html,卷七
liaozhai-20229,《聊斋志异·役鬼》,https://liaozhai.5000yan.com/20229.html,卷七
liaozhai-20230,《聊斋志异·细柳》,https://liaozhai.5000yan.com/20230.html,卷七
liaozhai-20231,《聊斋志异·画马》,https://liaozhai.5000yan.com/20231.html,卷八
liaozhai-20232,《聊斋志异·局诈》,https://liaozhai.5000yan.com/20232.html,卷八
liaozhai-20233,《聊斋志异·放蝶》,https://liaozhai.5000yan.com/20233.html,卷八
liaozhai-20234,《聊斋志异·男生子》,https://liaozhai.5000yan.com/20234.html,卷八
liaozhai-20235,《聊斋志异·锺生》,https://liaozhai.5000yan.com/20235.html,卷八
liaozhai-20236,《聊斋志异·鬼妻》,https://liaozhai.5000yan.com/20236.html,卷八
liaozhai-20237,《聊斋志异·黄将军》,https://liaozhai.5000yan.com/20237.html,卷八
liaozhai-20238,《聊斋志异·三朝元老》,https://liaozhai.5000yan.com/20238.html,卷八
liaozhai-20239,《聊斋志异·医术》,https://liaozhai.5000yan.com/20239.html,卷八
liaozhai-20240,《聊斋志异·藏虱》,https://liaozhai.5000yan.com/20240.html,卷八
liaozhai-20241,《聊斋志异·梦狼》,https://liaozhai.5000yan.com/20241.html,卷八
liaozhai-20242,《聊斋志异·夜明》,https://liaozhai.5000yan.com/20242.html,卷八
liaozhai-20243,《聊斋志异·夏雪》,https://liaozhai.5000yan.com/20243.html,卷八
liaozhai-20244,《聊斋志异·化男》,https://liaozhai.5000yan.com/20244.html,卷八
liaozhai-20245,《聊斋志异·禽侠》,https://liaozhai.5000yan.com/20245.html,卷八
liaozhai-20246,《聊斋志异·鸿》,https://liaozhai.5000yan.com/20246.html,卷八
liaozhai-20247,《聊斋志异·象》,https://liaozhai.5000yan.com/20247.html,卷八
liaozhai-20248,《聊斋志异·负尸》,https://liaozhai.5000yan.com/20248.html,卷八
liaozhai-20249,《聊斋志异·紫花和尚》,https://liaozhai.5000yan.com/20249.html,卷八
liaozhai-20250,《聊斋志异·周克昌》,https://liaozhai.5000yan.com/20250.html,卷八
liaozhai-20251,《聊斋志异·嫦娥》,https://liaozhai.5000yan.com/20251.html,卷八
liaozhai-20252,《聊斋志异·鞠药如》,https://liaozhai.5000yan.com/20252.html,卷八
liaozhai-20253,《聊斋志异·褚生》,https://liaozhai.5000yan.com/20253.html,卷八
liaozhai-20254,《聊斋志异·盗户》,https://liaozhai.5000yan.com/20254.html,卷八
liaozhai-20255,《聊斋志异·某乙》,https://liaozhai.5000yan.com/20255.html,卷八
liaozhai-20256,《聊斋志异·霍女》,https://liaozhai.5000yan.com/20256.html,卷八
liaozhai-20257,《聊斋志异·司文郎》,https://liaozhai.5000yan.com/20257.html,卷八
liaozhai-20258,《聊斋志异·丑狐》,https://liaozhai.5000yan.com/20258.html,卷八
liaozhai-20259,《聊斋志异·吕无病》,https://liaozhai.5000yan.com/20259.html,卷八
liaozhai-20260,《聊斋志异·钱卜巫》,https://liaozhai.5000yan.com/20260.html,卷八
liaozhai-20261,《聊斋志异·姚安》,https://liaozhai.5000yan.com/20261.html,卷八
liaozhai-20262,《聊斋志异·采薇翁》,https://liaozhai.5000yan.com/20262.html,卷八
liaozhai-20263,《聊斋志异·崔猛》,https://liaozhai.5000yan.com/20263.html,卷八
liaozhai-20264,《聊斋志异·诗谳》,https://liaozhai.5000yan.com/20264.html,卷八
liaozhai-20265,《聊斋志异·鹿衔草》,https://liaozhai.5000yan.com/20265.html,卷八
liaozhai-20266,《聊斋志异·小棺》,https://liaozhai.5000yan.com/20266.html,卷八
liaozhai-20267,《聊斋志异·邢子仪》,https://liaozhai.5000yan.com/20267.html,卷八
liaozhai-20268,《聊斋志异·李生》,https://liaozhai.5000yan.com/20268.html,卷八
liaozhai-20269,《聊斋志异·陆押官》,https://liaozhai.5000yan.com/20269.html,卷八
liaozhai-20270,《聊斋志异·蒋太史》,https://liaozhai.5000yan.com/20270.html,卷八
liaozhai-20271,《聊斋志异·邵士梅》,https://liaozhai.5000yan.com/20271.html,卷八
liaozhai-20272,《聊斋志异·顾生》,https://liaozhai.5000yan.com/20272.html,卷八
liaozhai-20273,《聊斋志异·陈锡九》,https://liaozhai.5000yan.com/20273.html,卷八
liaozhai-20274,《聊斋志异·邵临淄》,https://liaozhai.5000yan.com/20274.html,卷九
liaozhai-20275,《聊斋志异·于去恶》,https://liaozhai.5000yan.com/20275.html,卷九
liaozhai-20276,《聊斋志异·狂生》,https://liaozhai.5000yan.com/20276.html,卷九
liaozhai-20277,《聊斋志异·澂俗》,https://liaozhai.5000yan.com/20277.html,卷九
liaozhai-20278,《聊斋志异·凤仙》,https://liaozhai.5000yan.com/20278.html,卷九
liaozhai-20279,《聊斋志异·佟客》,https://liaozhai.5000yan.com/20279.html,卷九
liaozhai-20280,《聊斋志异·辽阳军》,https://liaozhai.5000yan.com/20280.html,卷九
liaozhai-20281,《聊斋志异·张贡士》,https://liaozhai.5000yan.com/20281.html,卷九
liaozhai-20282,《聊斋志异·爱奴》,https://liaozhai.5000yan.com/20282.html,卷九
liaozhai-20283,《聊斋志异·单父宰》,https://liaozhai.5000yan.com/20283.html,卷九
liaozhai-20284,《聊斋志异·孙必振》,https://liaozhai.5000yan.com/20284.html,卷九
liaozhai-20285,《聊斋志异·邑人》,https://liaozhai.5000yan.com/20285.html,卷九
liaozhai-20286,《聊斋志异·元宝》,https://liaozhai.5000yan.com/20286.html,卷九
liaozhai-20287,《聊斋志异·研石》,https://liaozhai.5000yan.com/20287.html,卷九
liaozhai-20288,《聊斋志异·武夷》,https://liaozhai.5000yan.com/20288.html,卷九
liaozhai-20289,《聊斋志异·大鼠》,https://liaozhai.5000yan.com/20289.html,卷九
liaozhai-20290,《聊斋志异·张不量》,https://liaozhai.5000yan.com/20290.html,卷九
liaozhai-20291,《聊斋志异·牧竖》,https://liaozhai.5000yan.com/20291.html,卷九
liaozhai-20292,《聊斋志异·富翁》,https://liaozhai.5000yan.com/20292.html,卷九
liaozhai-20293,《聊斋志异·王司马》,https://liaozhai.5000yan.com/20293.html,卷九
liaozhai-20294,《聊斋志异·岳神》,https://liaozhai.5000yan.com/20294.html,卷九
liaozhai-20295,《聊斋志异·小梅》,https://liaozhai.5000yan.com/20295.html,卷九
liaozhai-20296,《聊斋志异·药僧》,https://liaozhai.5000yan.com/20296.html,卷九
liaozhai-20297,《聊斋志异·于中丞》,https://liaozhai.5000yan.com/20297.html,卷九
liaozhai-20298,《聊斋志异·皂隶》,https://liaozhai.5000yan.com/20298.html,卷九
liaozhai-20299,《聊斋志异·绩女》,https://liaozhai.5000yan.com/20299.html,卷九
liaozhai-20300,《聊斋志异·红毛毡》,https://liaozhai.5000yan.com/20300.html,卷九
liaozhai-20301,《聊斋志异·抽肠》,https://liaozhai.5000yan.com/20301.html,卷九
liaozhai-20302,《聊斋志异·张鸿渐》,https://liaozhai.5000yan.com/20302.html,卷九
liaozhai-20303,《聊斋志异·太医》,https://liaozhai.5000yan.com/20303.html,卷九
liaozhai-20304,《聊斋志异·牛飞》,https://liaozhai.5000yan.com/20304.html,卷九
liaozhai-20305,《聊斋志异·王子安》,https://liaozhai.5000yan.com/20305.html,卷九
liaozhai-20306,《聊斋志异·刁姓》,https://liaozhai.5000yan.com/20306.html,卷九
liaozhai-20307,《聊斋志异·农妇》,https://liaozhai.5000yan.com/20307.html,卷九
liaozhai-20308,《聊斋志异·金陵乙》,https://liaozhai.5000yan.com/20308.html,卷九
liaozhai-20309,《聊斋志异·郭安》,https://liaozhai.5000yan.com/20309.html,卷九
liaozhai-20310,《聊斋志异·折狱》,https://liaozhai.5000yan.com/20310.html,卷九
liaozhai-20311,《聊斋志异·义犬》,https://liaozhai.5000yan.com/20311.html,卷九
liaozhai-20312,《聊斋志异·杨大洪》,https://liaozhai.5000yan.com/20312.html,卷九
liaozhai-20313,《聊斋志异·查牙山洞》,https://liaozhai.5000yan.com/20313.html,卷九
liaozhai-20314,《聊斋志异·安期岛》,https://liaozhai.5000yan.com/20314.html,卷九
liaozhai-20315,《聊斋志异·沅俗》,https://liaozhai.5000yan.com/20315.html,卷九
liaozhai-20316,《聊斋志异·云萝公主》,https://liaozhai.5000yan.com/20316.html,卷九
liaozhai-20317,《聊斋志异·鸟语》,https://liaozhai.5000yan.com/20317.html,卷九
liaozhai-20318,《聊斋志异·天宫》,https://liaozhai.5000yan.com/20318.html,卷九
liaozhai-20319,《聊斋志异·乔女》,https://liaozhai.5000yan.com/20319.html,卷九
liaozhai-20320,《聊斋志异·蛤》,https://liaozhai.5000yan.com/20320.html,卷九
liaozhai-20321,《聊斋志异·刘夫人》,https://liaozhai.5000yan.com/20321.html,卷九
liaozhai-20322,《聊斋志异·陵县狐》,https://liaozhai.5000yan.com/20322.html,卷九
liaozhai-20323,《聊斋志异·王货郎》,https://liaozhai.5000yan.com/20323.html,卷十
liaozhai-20324,《聊斋志异·疲龙》,https://liaozhai.5000yan.com/20324.html,卷十
liaozhai-20325,《聊斋志异·真生》,https://liaozhai.5000yan.com/20325.html,卷十
liaozhai-20326,《聊斋志异·布商》,https://liaozhai.5000yan.com/20326.html,卷十
liaozhai-20327,《聊斋志异·彭二挣》,https://liaozhai.5000yan.com/20327.html,卷十
liaozhai-20328,《聊斋志异·何仙》,https://liaozhai.5000yan.com/20328.html,卷十
liaozhai-20329,《聊斋志异·牛同人》,https://liaozhai.5000yan.com/20329.html,卷十
liaozhai-20330,《聊斋志异·神女》,https://liaozhai.5000yan.com/20330.html,卷十
liaozhai-20331,《聊斋志异·湘裙》,https://liaozhai.5000yan.com/20331.html,卷十
liaozhai-20332,《聊斋志异·三生》,https://liaozhai.5000yan.com/20332.html,卷十
liaozhai-20333,《聊斋志异·长亭》,https://liaozhai.5000yan.com/20333.html,卷十
liaozhai-20334,《聊斋志异·席方平》,https://liaozhai.5000yan.com/20334.html,卷十
liaozhai-20335,《聊斋志异·素秋》,https://liaozhai.5000yan.com/20335.html,卷十
liaozhai-20336,《聊斋志异·贾奉雉》,https://liaozhai.5000yan.com/20336.html,卷十
liaozhai-20337,《聊斋志异·胭脂》,https://liaozhai.5000yan.com/20337.html,卷十
liaozhai-20338,《聊斋志异·阿纤》,https://liaozhai.5000yan.com/20338.html,卷十
liaozhai-20339,《聊斋志异·瑞云》,https://liaozhai.5000yan.com/20339.html,卷十
liaozhai-20340,《聊斋志异·仇大娘》,https://liaozhai.5000yan.com/20340.html,卷十
liaozhai-20341,《聊斋志异·曹操冢》,https://liaozhai.5000yan.com/20341.html,卷十
liaozhai-20342,《聊斋志异·龙飞相公》,https://liaozhai.5000yan.com/20342.html,卷十
liaozhai-20343,《聊斋志异·珊瑚》,https://liaozhai.5000yan.com/20343.html,卷十
liaozhai-20344,《聊斋志异·五通》,https://liaozhai.5000yan.com/20344.html,卷十
liaozhai-20345,《聊斋志异·又》,https://liaozhai.5000yan.com/20345.html,卷十
liaozhai-20346,《聊斋志异·申氏》,https://liaozhai.5000yan.com/20346.html,卷十
liaozhai-20347,《聊斋志异·恒娘》,https://liaozhai.5000yan.com/20347.html,卷十
liaozhai-20348,《聊斋志异·葛巾》,https://liaozhai.5000yan.com/20348.html,卷十
liaozhai-20349,《聊斋志异·冯木匠》,https://liaozhai.5000yan.com/20349.html,卷十一
liaozhai-20350,《聊斋志异·黄英》,https://liaozhai.5000yan.com/20350.html,卷十一
liaozhai-20351,《聊斋志异·书痴》,https://liaozhai.5000yan.com/20351.html,卷十一
liaozhai-20352,《聊斋志异·齐天大圣》,https://liaozhai.5000yan.com/20352.html,卷十一
liaozhai-20353,《聊斋志异·青蛙神》,https://liaozhai.5000yan.com/20353.html,卷十一
liaozhai-20354,《聊斋志异·又》,https://liaozhai.5000yan.com/20354.html,卷十一
liaozhai-20355,《聊斋志异·任秀》,https://liaozhai.5000yan.com/20355.html,卷十一
liaozhai-20356,《聊斋志异·晚霞》,https://liaozhai.5000yan.com/20356.html,卷十一
liaozhai-20357,《聊斋志异·白秋练》,https://liaozhai.5000yan.com/20357.html,卷十一
liaozhai-20358,《聊斋志异·王者》,https://liaozhai.5000yan.com/20358.html,卷十一
liaozhai-20359,《聊斋志异·某甲》,https://liaozhai.5000yan.com/20359.html,卷十一
liaozhai-20360,《聊斋志异·衢州三怪》,https://liaozhai.5000yan.com/20360.html,卷十一
liaozhai-20361,《聊斋志异·拆楼人》,https://liaozhai.5000yan.com/20361.html,卷十一
liaozhai-20362,《聊斋志异·大蝎》,https://liaozhai.5000yan.com/20362.html,卷十一
liaozhai-20363,《聊斋志异·陈云栖》,https://liaozhai.5000yan.com/20363.html,卷十一
liaozhai-20364,《聊斋志异·司札吏》,https://liaozhai.5000yan.com/20364.html,卷十一
liaozhai-20365,《聊斋志异·蚰蜒》,https://liaozhai.5000yan.com/20365.html,卷十一
liaozhai-20366,《聊斋志异·司训》,https://liaozhai.5000yan.com/20366.html,卷十一
liaozhai-20367,《聊斋志异·黑鬼》,https://liaozhai.5000yan.com/20367.html,卷十一
liaozhai-20368,《聊斋志异·织成》,https://liaozhai.5000yan.com/20368.html,卷十一
liaozhai-20369,《聊斋志异·竹青》,https://liaozhai.5000yan.com/20369.html,卷十一
liaozhai-20370,《聊斋志异·段氏》,https://liaozhai.5000yan.com/20370.html,卷十一
liaozhai-20371,《聊斋志异·狐女》,https://liaozhai.5000yan.com/20371.html,卷十一
liaozhai-20372,《聊斋志异·张氏妇》,https://liaozhai.5000yan.com/20372.html,卷十一
liaozhai-20373,《聊斋志异·于子游》,https://liaozhai.5000yan.com/20373.html,卷十一
liaozhai-20374,《聊斋志异·男妾》,https://liaozhai.5000yan.com/20374.html,卷十一
liaozhai-20375,《聊斋志异·汪可受》,https://liaozhai.5000yan.com/20375.html,卷十一
liaozhai-20376,《聊斋志异·牛犊》,https://liaozhai.5000yan.com/20376.html,卷十一
liaozhai-20377,《聊斋志异·王大》,https://liaozhai.5000yan.com/20377.html,卷十一
liaozhai-20378,《聊斋志异·乐仲》,https://liaozhai.5000yan.com/20378.html,卷十一
liaozhai-20379,《聊斋志异·香玉》,https://liaozhai.5000yan.com/20379.html,卷十一
liaozhai-20380,《聊斋志异·三仙》,https://liaozhai.5000yan.com/20380.html,卷十一
liaozhai-20381,《聊斋志异·鬼隶》,https://liaozhai.5000yan.com/20381.html,卷十一
liaozhai-20382,《聊斋志异·王十》,https://liaozhai.5000yan.com/20382.html,卷十一
liaozhai-20383,《聊斋志异·大男》,https://liaozhai.5000yan.com/20383.html,卷十一
liaozhai-20384,《聊斋志异·外国人》,https://liaozhai.5000yan.com/20384.html,卷十一
liaozhai-20385,《聊斋志异·韦公子》,https://liaozhai.5000yan.com/20385.html,卷十一
liaozhai-20386,《聊斋志异·石清虚》,https://liaozhai.5000yan.com/20386.html,卷十一
liaozhai-20387,《聊斋志异·曾友于》,https://liaozhai.5000yan.com/20387.html,卷十一
liaozhai-20388,《聊斋志异·嘉平公子》,https://liaozhai.5000yan.com/20388.html,卷十一
liaozhai-20389,《聊斋志异·二班》,https://liaozhai.5000yan.com/20389.html,卷十二
liaozhai-20390,《聊斋志异·车夫》,https://liaozhai.5000yan.com/20390.html,卷十二
liaozhai-20391,《聊斋志异·乩仙》,https://liaozhai.5000yan.com/20391.html,卷十二
liaozhai-20392,《聊斋志异·苗生》,https://liaozhai.5000yan.com/20392.html,卷十二
liaozhai-20393,《聊斋志异·蝎客》,https://liaozhai.5000yan.com/20393.html,卷十二
liaozhai-20394,《聊斋志异·杜小雷》,https://liaozhai.5000yan.com/20394.html,卷十二
liaozhai-20395,《聊斋志异·毛大福》,https://liaozhai.5000yan.com/20395.html,卷十二
liaozhai-20396,《聊斋志异·雹神》,https://liaozhai.5000yan.com/20396.html,卷十二
liaozhai-20397,《聊斋志异·李八缸》,https://liaozhai.5000yan.com/20397.html,卷十二
liaozhai-20398,《聊斋志异·老龙舡户》,https://liaozhai.5000yan.com/20398.html,卷十二
liaozhai-20399,《聊斋志异·青城妇》,https://liaozhai.5000yan.com/20399.html,卷十二
liaozhai-20400,《聊斋志异·鸮鸟》,https://liaozhai.5000yan.com/20400.html,卷十二
liaozhai-20401,《聊斋志异·古瓶》,https://liaozhai.5000yan.com/20401.html,卷十二
liaozhai-20402,《聊斋志异·元少先生》,https://liaozhai.5000yan.com/20402.html,卷十二
liaozhai-20403,《聊斋志异·薛慰娘》,https://liaozhai.5000yan.com/20403.html,卷十二
liaozhai-20404,《聊斋志异·田子成》,https://liaozhai.5000yan.com/20404.html,卷十二
liaozhai-20405,《聊斋志异·王桂庵》,https://liaozhai.5000yan.com/20405.html,卷十二
liaozhai-20406,《聊斋志异·寄生附》,https://liaozhai.5000yan.com/20406.html,卷十二
liaozhai-20407,《聊斋志异·周生》,https://liaozhai.5000yan.com/20407.html,卷十二
liaozhai-20408,《聊斋志异·褚遂良》,https://liaozhai.5000yan.com/20408.html,卷十二
liaozhai-20409,《聊斋志异·刘全》,https://liaozhai.5000yan.com/20409.html,卷十二
liaozhai-20410,《聊斋志异·土化兔》,https://liaozhai.5000yan.com/20410.html,卷十二
liaozhai-20411,《聊斋志异·鸟使》,https://liaozhai.5000yan.com/20411.html,卷十二
liaozhai-20412,《聊斋志异·姬生》,https://liaozhai.5000yan.com/20412.html,卷十二
liaozhai-20413,《聊斋志异·果报》,https://liaozhai.5000yan.com/20413.html,卷十二
liaozhai-20414,《聊斋志异·公孙夏》,https://liaozhai.5000yan.com/20414.html,卷十二
liaozhai-20415,《聊斋志异·韩方》,https://liaozhai.5000yan.com/20415.html,卷十二
liaozhai-20416,《聊斋志异·纫针》,https://liaozhai.5000yan.com/20416.html,卷十二
liaozhai-20417,《聊斋志异·桓侯》,https://liaozhai.5000yan.com/20417.html,卷十二
liaozhai-20418,《聊斋志异·粉蝶》,https://liaozhai.5000yan.com/20418.html,卷十二
liaozhai-20419,《聊斋志异·李檀斯》,https://liaozhai.5000yan.com/20419.html,卷十二
liaozhai-20420,《聊斋志异·锦瑟》,https://liaozhai.5000yan.com/20420.html,卷十二
liaozhai-20421,《聊斋志异·太原狱》,https://liaozhai.5000yan.com/20421.html,卷十二
liaozhai-20422,《聊斋志异·新郑讼》,https://liaozhai.5000yan.com/20422.html,卷十二
liaozhai-20423,《聊斋志异·李象先》,https://liaozhai.5000yan.com/20423.html,卷十二
liaozhai-20424,《聊斋志异·房文淑》,https://liaozhai.5000yan.com/20424.html,卷十二
liaozhai-20425,《聊斋志异·秦桧》,https://liaozhai.5000yan.com/20425.html,卷十二
liaozhai-20426,《聊斋志异·浙东生》,https://liaozhai.5000yan.com/20426.html,卷十二
liaozhai-20427,《聊斋志异·博兴女》,https://liaozhai.5000yan.com/20427.html,卷十二
liaozhai-20428,《聊斋志异·一员官》,https://liaozhai.5000yan.com/20428.html,卷十二
liaozhai-20429,《聊斋志异·丐仙》,https://liaozhai.5000yan.com/20429.html,卷十二
liaozhai-20430,《聊斋志异·人妖》,https://liaozhai.5000yan.com/20430.html,卷十二
