sequence,volume,volume_sequence,title,source_id,source_url
1,1,1,欧率更帖,24899,https://rongzhai.5000yan.com/24899.html
2,1,2,罗处士志,24900,https://rongzhai.5000yan.com/24900.html
3,1,3,唐《平蛮碑》,24901,https://rongzhai.5000yan.com/24901.html
4,1,4,半择迦,24902,https://rongzhai.5000yan.com/24902.html
5,1,5,六十四种恶口,24903,https://rongzhai.5000yan.com/24903.html
6,1,6,八月端午,24904,https://rongzhai.5000yan.com/24904.html
7,1,7,赞公、少公,24905,https://rongzhai.5000yan.com/24905.html
8,1,8,郭璞葬地,24906,https://rongzhai.5000yan.com/24906.html
9,1,9,黄鲁直诗,24907,https://rongzhai.5000yan.com/24907.html
10,1,10,禹治水,24908,https://rongzhai.5000yan.com/24908.html
11,1,11,《敕勒歌》,24909,https://rongzhai.5000yan.com/24909.html
12,1,12,浅妄书,24910,https://rongzhai.5000yan.com/24910.html
13,1,13,五臣注《文选》,24911,https://rongzhai.5000yan.com/24911.html
14,1,14,文烦简有当,24912,https://rongzhai.5000yan.com/24912.html
15,1,15,地险,24913,https://rongzhai.5000yan.com/24913.html
16,1,16,《史记》世次,24914,https://rongzhai.5000yan.com/24914.html
17,1,17,解释经旨,24915,https://rongzhai.5000yan.com/24915.html
18,1,18,《坤》动也刚,24916,https://rongzhai.5000yan.com/24916.html
19,1,19,乐天侍儿,24917,https://rongzhai.5000yan.com/24917.html
20,1,20,白公咏史,24918,https://rongzhai.5000yan.com/24918.html
21,1,21,十年为一秩,24919,https://rongzhai.5000yan.com/24919.html
22,1,22,裴晋公禊事,24920,https://rongzhai.5000yan.com/24920.html
23,1,23,“司”字作入声,24921,https://rongzhai.5000yan.com/24921.html
24,1,24,乐天新居诗,24922,https://rongzhai.5000yan.com/24922.html
25,1,25,黄纸除书,24923,https://rongzhai.5000yan.com/24923.html
26,1,26,白用杜句,24924,https://rongzhai.5000yan.com/24924.html
27,1,27,唐人重服章,24925,https://rongzhai.5000yan.com/24925.html
28,1,28,诗谶不然,24926,https://rongzhai.5000yan.com/24926.html
29,1,29,青龙寺诗,24927,https://rongzhai.5000yan.com/24927.html
30,2,1,唐重牡丹,24928,https://rongzhai.5000yan.com/24928.html
31,2,2,长歌之哀,24929,https://rongzhai.5000yan.com/24929.html
32,2,3,韦苏州,24930,https://rongzhai.5000yan.com/24930.html
33,2,4,古行宫诗,24931,https://rongzhai.5000yan.com/24931.html
34,2,5,隔是,24932,https://rongzhai.5000yan.com/24932.html
35,2,6,张良无后,24933,https://rongzhai.5000yan.com/24933.html
36,2,7,周亚夫,24934,https://rongzhai.5000yan.com/24934.html
37,2,8,汉轻族人,24935,https://rongzhai.5000yan.com/24935.html
38,2,9,漏泄禁中语,24936,https://rongzhai.5000yan.com/24936.html
39,2,10,田叔,24937,https://rongzhai.5000yan.com/24937.html
40,2,11,孟舒、魏尚,24938,https://rongzhai.5000yan.com/24938.html
41,2,12,秦用他国人,24939,https://rongzhai.5000yan.com/24939.html
42,2,13,曹参、赵括,24940,https://rongzhai.5000yan.com/24940.html
43,2,14,信近于义,24941,https://rongzhai.5000yan.com/24941.html
44,2,15,刚毅近仁,24942,https://rongzhai.5000yan.com/24942.html
45,2,16,忠恕违道,24943,https://rongzhai.5000yan.com/24943.html
46,2,17,求为可知,24944,https://rongzhai.5000yan.com/24944.html
47,2,18,里仁,24945,https://rongzhai.5000yan.com/24945.html
48,2,19,汉采众议,24946,https://rongzhai.5000yan.com/24946.html
49,2,20,汉母后,24947,https://rongzhai.5000yan.com/24947.html
50,2,21,田千秋、郅恽,24948,https://rongzhai.5000yan.com/24948.html
51,2,22,戾太子,24949,https://rongzhai.5000yan.com/24949.html
52,2,23,灌夫、任安,24950,https://rongzhai.5000yan.com/24950.html
53,2,24,单于朝汉,24951,https://rongzhai.5000yan.com/24951.html
54,3,1,进士试题,24952,https://rongzhai.5000yan.com/24952.html
55,3,2,儒人论佛书,24953,https://rongzhai.5000yan.com/24953.html
56,3,3,和《归去来》,24954,https://rongzhai.5000yan.com/24954.html
57,3,4,四海一也,24955,https://rongzhai.5000yan.com/24955.html
58,3,5,李太白,24956,https://rongzhai.5000yan.com/24956.html
59,3,6,太白雪谗,24957,https://rongzhai.5000yan.com/24957.html
60,3,7,冉有问卫君,24958,https://rongzhai.5000yan.com/24958.html
61,3,8,《商颂》,24959,https://rongzhai.5000yan.com/24959.html
62,3,9,俗语有所本,24960,https://rongzhai.5000yan.com/24960.html
63,3,10,鄱阳学,24961,https://rongzhai.5000yan.com/24961.html
64,3,11,国忌休务,24962,https://rongzhai.5000yan.com/24962.html
65,3,12,汉昭、顺二帝,24963,https://rongzhai.5000yan.com/24963.html
66,3,13,三女后之贤,24964,https://rongzhai.5000yan.com/24964.html
67,3,14,贤父兄子弟,24965,https://rongzhai.5000yan.com/24965.html
68,3,15,蔡君谟帖,24966,https://rongzhai.5000yan.com/24966.html
69,3,16,亲王与从官往还,24967,https://rongzhai.5000yan.com/24967.html
70,3,17,三传记事,24968,https://rongzhai.5000yan.com/24968.html
71,3,18,张嘉贞,24969,https://rongzhai.5000yan.com/24969.html
72,3,19,张九龄作牛公碑,24970,https://rongzhai.5000yan.com/24970.html
73,3,20,唐人告命,24971,https://rongzhai.5000yan.com/24971.html
74,3,21,典章轻废,24972,https://rongzhai.5000yan.com/24972.html
75,4,1,张浮休书,24973,https://rongzhai.5000yan.com/24973.html
76,4,2,温公客位榜,24974,https://rongzhai.5000yan.com/24974.html
77,4,3,李颀诗,24975,https://rongzhai.5000yan.com/24975.html
78,4,4,诗中用茱萸字,24976,https://rongzhai.5000yan.com/24976.html
79,4,5,鬼宿渡河,24977,https://rongzhai.5000yan.com/24977.html
80,4,6,府名军额,24978,https://rongzhai.5000yan.com/24978.html
81,4,7,马融、皇甫规,24979,https://rongzhai.5000yan.com/24979.html
82,4,8,孟蜀避唐讳,24980,https://rongzhai.5000yan.com/24980.html
83,4,9,翰苑亲近,24981,https://rongzhai.5000yan.com/24981.html
84,4,10,宁馨、阿堵,24982,https://rongzhai.5000yan.com/24982.html
85,4,11,凤毛,24983,https://rongzhai.5000yan.com/24983.html
86,4,12,牛米,24984,https://rongzhai.5000yan.com/24984.html
87,4,13,《石鼓歌》过实,24985,https://rongzhai.5000yan.com/24985.html
88,4,14,《送孟东野序》,24986,https://rongzhai.5000yan.com/24986.html
89,4,15,喷嚏,24987,https://rongzhai.5000yan.com/24987.html
90,4,16,野史不可信,24988,https://rongzhai.5000yan.com/24988.html
91,4,17,谤书,24989,https://rongzhai.5000yan.com/24989.html
92,4,18,王文正公,24990,https://rongzhai.5000yan.com/24990.html
93,4,19,晋文公,24991,https://rongzhai.5000yan.com/24991.html
94,4,20,南夷服诸葛,24992,https://rongzhai.5000yan.com/24992.html
95,4,21,二疏赞,24993,https://rongzhai.5000yan.com/24993.html
96,4,22,李宓伐南诏,24994,https://rongzhai.5000yan.com/24994.html
97,4,23,浮梁陶器,24995,https://rongzhai.5000yan.com/24995.html
98,5,1,汉唐八相,24996,https://rongzhai.5000yan.com/24996.html
99,5,2,六卦有《坎》,24997,https://rongzhai.5000yan.com/24997.html
100,5,3,晋之亡与秦、隋异,24998,https://rongzhai.5000yan.com/24998.html
101,5,4,上官桀,24999,https://rongzhai.5000yan.com/24999.html
102,5,5,金日䃅,25000,https://rongzhai.5000yan.com/25000.html
103,5,6,汉宣帝忌昌邑王,25001,https://rongzhai.5000yan.com/25001.html
104,5,7,平津侯,25002,https://rongzhai.5000yan.com/25002.html
105,5,8,韩信、周瑜,25003,https://rongzhai.5000yan.com/25003.html
106,5,9,汉武赏功明白,25004,https://rongzhai.5000yan.com/25004.html
107,5,10,周、召、房、杜,25005,https://rongzhai.5000yan.com/25005.html
108,5,11,三代书同文,25006,https://rongzhai.5000yan.com/25006.html
109,5,12,周世中国地,25007,https://rongzhai.5000yan.com/25007.html
110,5,13,李后主、梁武帝,25008,https://rongzhai.5000yan.com/25008.html
111,5,14,诗什,25009,https://rongzhai.5000yan.com/25009.html
112,5,15,《易举正》,25010,https://rongzhai.5000yan.com/25010.html
113,5,16,其惟圣人乎,25011,https://rongzhai.5000yan.com/25011.html
114,5,17,《易·说卦》,25012,https://rongzhai.5000yan.com/25012.html
115,5,18,元二之灾,25013,https://rongzhai.5000yan.com/25013.html
116,5,19,圣人污,25014,https://rongzhai.5000yan.com/25014.html
117,5,20,廿卅卌字,25015,https://rongzhai.5000yan.com/25015.html
118,5,21,字省文,25016,https://rongzhai.5000yan.com/25016.html
119,5,22,负剑辟咡,25017,https://rongzhai.5000yan.com/25017.html
120,5,23,国初人至诚,25018,https://rongzhai.5000yan.com/25018.html
121,5,24,史馆、玉牒所,25019,https://rongzhai.5000yan.com/25019.html
122,5,25,稗沙门,25020,https://rongzhai.5000yan.com/25020.html
123,6,1,建武中元,25021,https://rongzhai.5000yan.com/25021.html
124,6,2,带职人转官,25022,https://rongzhai.5000yan.com/25022.html
125,6,3,上下四方,25023,https://rongzhai.5000yan.com/25023.html
126,6,4,魏相、萧望之,25024,https://rongzhai.5000yan.com/25024.html
127,6,5,姓氏不可考,25025,https://rongzhai.5000yan.com/25025.html
128,6,6,畏无难,25026,https://rongzhai.5000yan.com/25026.html
129,6,7,绿竹青青,25027,https://rongzhai.5000yan.com/25027.html
130,6,8,孔子欲讨齐,25028,https://rongzhai.5000yan.com/25028.html
131,6,9,韩退之,25029,https://rongzhai.5000yan.com/25029.html
132,6,10,诞节受贺,25030,https://rongzhai.5000yan.com/25030.html
133,6,11,左氏书事,25031,https://rongzhai.5000yan.com/25031.html
134,6,12,狐突言词有味,25032,https://rongzhai.5000yan.com/25032.html
135,6,13,宣发,25033,https://rongzhai.5000yan.com/25033.html
136,6,14,邾文公、楚昭王,25034,https://rongzhai.5000yan.com/25034.html
137,6,15,杜悰,25035,https://rongzhai.5000yan.com/25035.html
138,6,16,《唐书·世系表》,25036,https://rongzhai.5000yan.com/25036.html
139,6,17,鲁昭公,25037,https://rongzhai.5000yan.com/25037.html
140,6,18,州县失故名,25038,https://rongzhai.5000yan.com/25038.html
141,6,19,严州当为庄,25039,https://rongzhai.5000yan.com/25039.html
142,7,1,孟子书百里奚,25040,https://rongzhai.5000yan.com/25040.html
143,7,2,韩、柳为文之旨,25041,https://rongzhai.5000yan.com/25041.html
144,7,3,李习之论文,25042,https://rongzhai.5000yan.com/25042.html
145,7,4,魏郑公谏语,25043,https://rongzhai.5000yan.com/25043.html
146,7,5,虞世南,25044,https://rongzhai.5000yan.com/25044.html
147,7,6,《七发》,25045,https://rongzhai.5000yan.com/25045.html
148,7,7,将军官称,25046,https://rongzhai.5000yan.com/25046.html
149,7,8,洛中、盱江八贤,25047,https://rongzhai.5000yan.com/25047.html
150,7,9,王导小名,25048,https://rongzhai.5000yan.com/25048.html
151,7,10,《汉书》用字,25049,https://rongzhai.5000yan.com/25049.html
152,7,11,姜嫄、简狄,25050,https://rongzhai.5000yan.com/25050.html
153,7,12,羌庆同音,25051,https://rongzhai.5000yan.com/25051.html
154,7,13,佐命元臣,25052,https://rongzhai.5000yan.com/25052.html
155,7,14,名世英宰,25053,https://rongzhai.5000yan.com/25053.html
156,7,15,《檀弓》误字,25054,https://rongzhai.5000yan.com/25054.html
157,7,16,薛能诗,25055,https://rongzhai.5000yan.com/25055.html
158,7,17,汉晋太常,25056,https://rongzhai.5000yan.com/25056.html
159,8,1,诸葛公,25057,https://rongzhai.5000yan.com/25057.html
160,8,2,沐浴佩玉,25058,https://rongzhai.5000yan.com/25058.html
161,8,3,《谈丛》失实,25059,https://rongzhai.5000yan.com/25059.html
162,8,4,石砮,25060,https://rongzhai.5000yan.com/25060.html
163,8,5,陶渊明,25061,https://rongzhai.5000yan.com/25061.html
164,8,6,东晋将相,25062,https://rongzhai.5000yan.com/25062.html
165,8,7,赏鱼袋,25063,https://rongzhai.5000yan.com/25063.html
166,8,8,浯溪留题,25064,https://rongzhai.5000yan.com/25064.html
167,8,9,皇甫湜诗,25065,https://rongzhai.5000yan.com/25065.html
168,8,10,人、物以义为名,25066,https://rongzhai.5000yan.com/25066.html
169,8,11,人君寿考,25067,https://rongzhai.5000yan.com/25067.html
170,8,12,韩文公佚事,25068,https://rongzhai.5000yan.com/25068.html
171,8,13,论韩公文,25069,https://rongzhai.5000yan.com/25069.html
172,8,14,治生、从宦,25070,https://rongzhai.5000yan.com/25070.html
173,8,15,真宗末年,25071,https://rongzhai.5000yan.com/25071.html
174,9,1,霍光赏功,25072,https://rongzhai.5000yan.com/25072.html
175,9,2,尺棰取半,25073,https://rongzhai.5000yan.com/25073.html
176,9,3,汉文失材,25074,https://rongzhai.5000yan.com/25074.html
177,9,4,陈轸之说疏,25075,https://rongzhai.5000yan.com/25075.html
178,9,5,颜率儿童之见,25076,https://rongzhai.5000yan.com/25076.html
179,9,6,皇甫湜正闰论,25077,https://rongzhai.5000yan.com/25077.html
180,9,7,简师之贤,25078,https://rongzhai.5000yan.com/25078.html
181,9,8,老人推恩,25079,https://rongzhai.5000yan.com/25079.html
182,9,9,唐三杰,25080,https://rongzhai.5000yan.com/25080.html
183,9,10,忠义出天资,25081,https://rongzhai.5000yan.com/25081.html
184,9,11,刘歆不孝,25082,https://rongzhai.5000yan.com/25082.html
185,9,12,汉法恶诞谩,25083,https://rongzhai.5000yan.com/25083.html
186,9,13,汉官名,25084,https://rongzhai.5000yan.com/25084.html
187,9,14,五胡乱华,25085,https://rongzhai.5000yan.com/25085.html
188,9,15,石宣为彗,25086,https://rongzhai.5000yan.com/25086.html
189,9,16,三公改他官,25087,https://rongzhai.5000yan.com/25087.html
190,9,17,带职致仕,25088,https://rongzhai.5000yan.com/25088.html
191,9,18,朋友之义,25089,https://rongzhai.5000yan.com/25089.html
192,9,19,高科得人,25090,https://rongzhai.5000yan.com/25090.html
193,9,20,辛庆忌,25091,https://rongzhai.5000yan.com/25091.html
194,9,21,楚怀王,25092,https://rongzhai.5000yan.com/25092.html
195,9,22,范增非人杰,25093,https://rongzhai.5000yan.com/25093.html
196,9,23,翰苑故事,25094,https://rongzhai.5000yan.com/25094.html
197,9,24,唐扬州之盛,25095,https://rongzhai.5000yan.com/25095.html
198,9,25,张祜诗,25096,https://rongzhai.5000yan.com/25096.html
199,9,26,古人无忌讳,25097,https://rongzhai.5000yan.com/25097.html
200,9,27,宰我不诈,25098,https://rongzhai.5000yan.com/25098.html
201,9,28,李益、卢纶诗,25099,https://rongzhai.5000yan.com/25099.html
202,10,1,杨彪、陈群,25100,https://rongzhai.5000yan.com/25100.html
203,10,2,袁盎、温峤,25101,https://rongzhai.5000yan.com/25101.html
204,10,3,日饮亡何,25102,https://rongzhai.5000yan.com/25102.html
205,10,4,爰盎小人,25103,https://rongzhai.5000yan.com/25103.html
206,10,5,唐书判,25104,https://rongzhai.5000yan.com/25104.html
207,10,6,古彝器,25105,https://rongzhai.5000yan.com/25105.html
208,10,7,玉蕊、杜鹃,25106,https://rongzhai.5000yan.com/25106.html
209,10,8,礼寺失职,25107,https://rongzhai.5000yan.com/25107.html
210,10,9,徐凝诗,25108,https://rongzhai.5000yan.com/25108.html
211,10,10,梅花横参,25109,https://rongzhai.5000yan.com/25109.html
212,10,11,致仕之失,25110,https://rongzhai.5000yan.com/25110.html
213,10,12,南班宗室,25111,https://rongzhai.5000yan.com/25111.html
214,10,13,省郎称谓,25112,https://rongzhai.5000yan.com/25112.html
215,10,14,水衡都尉二事,25113,https://rongzhai.5000yan.com/25113.html
216,10,15,程婴、杵臼,25114,https://rongzhai.5000yan.com/25114.html
217,10,16,战国自取亡,25115,https://rongzhai.5000yan.com/25115.html
218,10,17,临敌易将,25116,https://rongzhai.5000yan.com/25116.html
219,10,18,司空表圣诗,25117,https://rongzhai.5000yan.com/25117.html
220,10,19,汉丞相,25118,https://rongzhai.5000yan.com/25118.html
221,10,20,册礼不讲,25119,https://rongzhai.5000yan.com/25119.html
222,11,1,将帅贪功,25120,https://rongzhai.5000yan.com/25120.html
223,11,2,汉二帝治盗,25121,https://rongzhai.5000yan.com/25121.html
224,11,3,汉唐封禅,25122,https://rongzhai.5000yan.com/25122.html
225,11,4,汉封禅记,25123,https://rongzhai.5000yan.com/25123.html
226,11,5,杨虞卿,25124,https://rongzhai.5000yan.com/25124.html
227,11,6,《屯》《蒙》二卦,25125,https://rongzhai.5000yan.com/25125.html
228,11,7,汉诽谤法,25126,https://rongzhai.5000yan.com/25126.html
229,11,8,谊、向触讳,25127,https://rongzhai.5000yan.com/25127.html
230,11,9,小贞、大贞,25128,https://rongzhai.5000yan.com/25128.html
231,11,10,唐诗戏语,25129,https://rongzhai.5000yan.com/25129.html
232,11,11,何进、高睿,25130,https://rongzhai.5000yan.com/25130.html
233,11,12,南乡掾史,25131,https://rongzhai.5000yan.com/25131.html
234,11,13,汉景帝忍杀,25132,https://rongzhai.5000yan.com/25132.html
235,11,14,燕昭、汉光武之明,25133,https://rongzhai.5000yan.com/25133.html
236,11,15,《周南》《召南》,25134,https://rongzhai.5000yan.com/25134.html
237,11,16,《易》中爻,25135,https://rongzhai.5000yan.com/25135.html
238,12,1,利涉大川,25136,https://rongzhai.5000yan.com/25136.html
239,12,2,光武弃冯衍,25137,https://rongzhai.5000yan.com/25137.html
240,12,3,恭、显议萧望之,25138,https://rongzhai.5000yan.com/25138.html
241,12,4,晁错、张汤,25139,https://rongzhai.5000yan.com/25139.html
242,12,5,逸诗、《书》,25140,https://rongzhai.5000yan.com/25140.html
243,12,6,刑罚四卦,25141,https://rongzhai.5000yan.com/25141.html
244,12,7,巽为鱼,25142,https://rongzhai.5000yan.com/25142.html
245,12,8,三省长官,25143,https://rongzhai.5000yan.com/25143.html
246,12,9,王珪、李靖,25144,https://rongzhai.5000yan.com/25144.html
247,12,10,虎夔藩,25145,https://rongzhai.5000yan.com/25145.html
248,12,11,曹操用人,25146,https://rongzhai.5000yan.com/25146.html
249,12,12,汉士择所从,25147,https://rongzhai.5000yan.com/25147.html
250,12,13,刘公荣,25148,https://rongzhai.5000yan.com/25148.html
251,12,14,元丰官制,25149,https://rongzhai.5000yan.com/25149.html
252,12,15,耳、馀、袁、刘,25150,https://rongzhai.5000yan.com/25150.html
253,12,16,周、汉存国,25151,https://rongzhai.5000yan.com/25151.html
254,12,17,曹操杀杨修,25152,https://rongzhai.5000yan.com/25152.html
255,12,18,古人重国体,25153,https://rongzhai.5000yan.com/25153.html
256,13,1,谏说之难,25154,https://rongzhai.5000yan.com/25154.html
257,13,2,韩馥、刘璋,25155,https://rongzhai.5000yan.com/25155.html
258,13,3,萧、房知人,25156,https://rongzhai.5000yan.com/25156.html
259,13,4,俞似诗,25157,https://rongzhai.5000yan.com/25157.html
260,13,5,吴激小词,25158,https://rongzhai.5000yan.com/25158.html
261,13,6,君子为国,25159,https://rongzhai.5000yan.com/25159.html
262,13,7,兑为羊,25160,https://rongzhai.5000yan.com/25160.html
263,13,8,晏子、杨雄,25161,https://rongzhai.5000yan.com/25161.html
264,13,9,一以贯之,25162,https://rongzhai.5000yan.com/25162.html
265,13,10,裴潜、陆俟,25163,https://rongzhai.5000yan.com/25163.html
266,13,11,拔亡为存,25164,https://rongzhai.5000yan.com/25164.html
267,13,12,孙吴四英将,25165,https://rongzhai.5000yan.com/25165.html
268,13,13,东坡罗浮诗,25166,https://rongzhai.5000yan.com/25166.html
269,13,14,魏明帝容谏,25167,https://rongzhai.5000yan.com/25167.html
270,13,15,汉世谋于众,25168,https://rongzhai.5000yan.com/25168.html
271,13,16,《国朝会要》,25169,https://rongzhai.5000yan.com/25169.html
272,13,17,孙膑减灶,25170,https://rongzhai.5000yan.com/25170.html
273,13,18,虫鸟之智,25171,https://rongzhai.5000yan.com/25171.html
274,14,1,张文潜论《诗》,25172,https://rongzhai.5000yan.com/25172.html
275,14,2,汉祖三诈,25173,https://rongzhai.5000yan.com/25173.html
276,14,3,有心避祸,25174,https://rongzhai.5000yan.com/25174.html
277,14,4,《蹇》《解》之险,25175,https://rongzhai.5000yan.com/25175.html
278,14,5,士之处世,25176,https://rongzhai.5000yan.com/25176.html
279,14,6,张全义治洛,25177,https://rongzhai.5000yan.com/25177.html
280,14,7,《博古图》,25178,https://rongzhai.5000yan.com/25178.html
281,14,8,士大夫论利害,25179,https://rongzhai.5000yan.com/25179.html
282,14,9,舒元舆文,25180,https://rongzhai.5000yan.com/25180.html
283,14,10,绝唱不可和,25181,https://rongzhai.5000yan.com/25181.html
284,14,11,赠典轻重,25182,https://rongzhai.5000yan.com/25182.html
285,14,12,《扬之水》,25183,https://rongzhai.5000yan.com/25183.html
286,14,13,李陵诗,25184,https://rongzhai.5000yan.com/25184.html
287,14,14,大曲伊、凉,25185,https://rongzhai.5000yan.com/25185.html
288,14,15,元次山《元子》,25186,https://rongzhai.5000yan.com/25186.html
289,14,16,次山谢表,25187,https://rongzhai.5000yan.com/25187.html
290,14,17,光武仁君,25188,https://rongzhai.5000yan.com/25188.html
291,15,1,张文潜哦苏、杜诗,25189,https://rongzhai.5000yan.com/25189.html
292,15,2,任安、田仁,25190,https://rongzhai.5000yan.com/25190.html
293,15,3,杜延年、杜钦,25191,https://rongzhai.5000yan.com/25191.html
294,15,4,范晔作史,25192,https://rongzhai.5000yan.com/25192.html
295,15,5,唐诗人有名不显者,25193,https://rongzhai.5000yan.com/25193.html
296,15,6,苏子由诗,25194,https://rongzhai.5000yan.com/25194.html
297,15,7,呼君为尔汝,25195,https://rongzhai.5000yan.com/25195.html
298,15,8,世事不可料,25196,https://rongzhai.5000yan.com/25196.html
299,15,9,蔡君谟帖语,25197,https://rongzhai.5000yan.com/25197.html
300,15,10,孔氏野史,25198,https://rongzhai.5000yan.com/25198.html
301,15,11,有若,25199,https://rongzhai.5000yan.com/25199.html
302,15,12,张天觉为人,25200,https://rongzhai.5000yan.com/25200.html
303,15,13,为文论事,25201,https://rongzhai.5000yan.com/25201.html
304,15,14,《连昌宫词》,25202,https://rongzhai.5000yan.com/25202.html
305,15,15,二士共谈,25203,https://rongzhai.5000yan.com/25203.html
306,15,16,张子韶祭文,25204,https://rongzhai.5000yan.com/25204.html
307,15,17,京师老吏,25205,https://rongzhai.5000yan.com/25205.html
308,15,18,曹操、唐庄宗,25206,https://rongzhai.5000yan.com/25206.html
309,15,19,云中守魏尚,25207,https://rongzhai.5000yan.com/25207.html
310,16,1,文章小伎,25208,https://rongzhai.5000yan.com/25208.html
311,16,2,三长月,25209,https://rongzhai.5000yan.com/25209.html
312,16,3,兄弟直西垣,25210,https://rongzhai.5000yan.com/25210.html
313,16,4,《续树萱录》,25211,https://rongzhai.5000yan.com/25211.html
314,16,5,馆职名存,25212,https://rongzhai.5000yan.com/25212.html
315,16,6,南宫适,25213,https://rongzhai.5000yan.com/25213.html
316,16,7,吴王殿,25214,https://rongzhai.5000yan.com/25214.html
317,16,8,王卫尉,25215,https://rongzhai.5000yan.com/25215.html
318,16,9,前代为监,25216,https://rongzhai.5000yan.com/25216.html
319,16,10,治盗法不同,25217,https://rongzhai.5000yan.com/25217.html
320,16,11,和诗当和意,25218,https://rongzhai.5000yan.com/25218.html
321,16,12,稷有天下,25219,https://rongzhai.5000yan.com/25219.html
322,16,13,一世人材,25220,https://rongzhai.5000yan.com/25220.html
323,16,14,王逢原,25221,https://rongzhai.5000yan.com/25221.html
324,16,15,吏文可笑,25222,https://rongzhai.5000yan.com/25222.html
325,16,16,靖康时事,25223,https://rongzhai.5000yan.com/25223.html
326,16,17,并韶,25224,https://rongzhai.5000yan.com/25224.html
327,16,18,谶纬之学,25225,https://rongzhai.5000yan.com/25225.html
328,16,19,真假皆妄,25226,https://rongzhai.5000yan.com/25226.html
329,16,20,北道主人,25790,https://rongzhai.5000yan.com/25790.html
