sequence,section,title,slug,source_url,status
1,道经,第一章,chapter_01,https://www.guwendao.net/guwen/bookv_63ba586b03e1.aspx,downloaded
2,道经,第二章,chapter_02,https://www.guwendao.net/guwen/bookv_1b6bf917f516.aspx,downloaded
3,道经,第三章,chapter_03,https://www.guwendao.net/guwen/bookv_707abe280c97.aspx,downloaded
4,道经,第四章,chapter_04,https://www.guwendao.net/guwen/bookv_efa351ddc1c3.aspx,downloaded
5,道经,第五章,chapter_05,https://www.guwendao.net/guwen/bookv_2eb38f157c06.aspx,downloaded
6,道经,第六章,chapter_06,https://www.guwendao.net/guwen/bookv_cf224778b5bd.aspx,downloaded
7,道经,第七章,chapter_07,https://www.guwendao.net/guwen/bookv_4b01871e420d.aspx,downloaded
8,道经,第八章,chapter_08,https://www.guwendao.net/guwen/bookv_01bcd8413ca9.aspx,downloaded
9,道经,第九章,chapter_09,https://www.guwendao.net/guwen/bookv_e1902fa4008b.aspx,downloaded
10,道经,第十章,chapter_10,https://www.guwendao.net/guwen/bookv_b657c458f63d.aspx,downloaded
11,道经,第十一章,chapter_11,https://www.guwendao.net/guwen/bookv_5ac2d5dc003d.aspx,downloaded
12,道经,第十二章,chapter_12,https://www.guwendao.net/guwen/bookv_e4f379e849f4.aspx,downloaded
13,道经,第十三章,chapter_13,https://www.guwendao.net/guwen/bookv_a765101151fd.aspx,downloaded
14,道经,第十四章,chapter_14,https://www.guwendao.net/guwen/bookv_a3d4775ed3da.aspx,downloaded
15,道经,第十五章,chapter_15,https://www.guwendao.net/guwen/bookv_7e3866adb87f.aspx,downloaded
16,道经,第十六章,chapter_16,https://www.guwendao.net/guwen/bookv_d46440d06b59.aspx,downloaded
17,道经,第十七章,chapter_17,https://www.guwendao.net/guwen/bookv_3c90f5f32a41.aspx,downloaded
18,道经,第十八章,chapter_18,https://www.guwendao.net/guwen/bookv_fc8ab38fd21b.aspx,downloaded
19,道经,第十九章,chapter_19,https://www.guwendao.net/guwen/bookv_0634c8dad60f.aspx,downloaded
20,道经,第二十章,chapter_20,https://www.guwendao.net/guwen/bookv_a38d526de63b.aspx,downloaded
21,道经,第二十一章,chapter_21,https://www.guwendao.net/guwen/bookv_f545a4029d76.aspx,downloaded
22,道经,第二十二章,chapter_22,https://www.guwendao.net/guwen/bookv_a35ba47e31ff.aspx,downloaded
23,道经,第二十三章,chapter_23,https://www.guwendao.net/guwen/bookv_6a2267e29f55.aspx,downloaded
24,道经,第二十四章,chapter_24,https://www.guwendao.net/guwen/bookv_4691812e8b23.aspx,downloaded
25,道经,第二十五章,chapter_25,https://www.guwendao.net/guwen/bookv_0b1278714ab5.aspx,downloaded
26,道经,第二十六章,chapter_26,https://www.guwendao.net/guwen/bookv_e5728e963d3a.aspx,downloaded
27,道经,第二十七章,chapter_27,https://www.guwendao.net/guwen/bookv_2ecc436e70d2.aspx,downloaded
28,道经,第二十八章,chapter_28,https://www.guwendao.net/guwen/bookv_34b2b4ac9802.aspx,downloaded
29,道经,第二十九章,chapter_29,https://www.guwendao.net/guwen/bookv_4fbbe80a6941.aspx,downloaded
30,道经,第三十章,chapter_30,https://www.guwendao.net/guwen/bookv_8a1801317ce6.aspx,downloaded
31,道经,第三十一章,chapter_31,https://www.guwendao.net/guwen/bookv_00b8f8bcc56e.aspx,downloaded
32,道经,第三十二章,chapter_32,https://www.guwendao.net/guwen/bookv_985b84b7f0a6.aspx,downloaded
33,道经,第三十三章,chapter_33,https://www.guwendao.net/guwen/bookv_1b96a26bcf42.aspx,downloaded
34,道经,第三十四章,chapter_34,https://www.guwendao.net/guwen/bookv_e79ec2a7c142.aspx,downloaded
35,道经,第三十五章,chapter_35,https://www.guwendao.net/guwen/bookv_06a93801cd62.aspx,downloaded
36,道经,第三十六章,chapter_36,https://www.guwendao.net/guwen/bookv_10cf82da938a.aspx,downloaded
37,道经,第三十七章,chapter_37,https://www.guwendao.net/guwen/bookv_0fcfecffaff1.aspx,downloaded
38,德经,第三十八章,chapter_38,https://www.guwendao.net/guwen/bookv_cd970e7de01c.aspx,downloaded
39,德经,第三十九章,chapter_39,https://www.guwendao.net/guwen/bookv_f20c948fe183.aspx,downloaded
40,德经,第四十章,chapter_40,https://www.guwendao.net/guwen/bookv_033fbfc80f3f.aspx,downloaded
41,德经,第四十一章,chapter_41,https://www.guwendao.net/guwen/bookv_89f674258f7c.aspx,downloaded
42,德经,第四十二章,chapter_42,https://www.guwendao.net/guwen/bookv_f2f188c05710.aspx,downloaded
43,德经,第四十三章,chapter_43,https://www.guwendao.net/guwen/bookv_032fb5a2bdbc.aspx,downloaded
44,德经,第四十四章,chapter_44,https://www.guwendao.net/guwen/bookv_f3f96558dff4.aspx,downloaded
45,德经,第四十五章,chapter_45,https://www.guwendao.net/guwen/bookv_001b7e3e4171.aspx,downloaded
46,德经,第四十六章,chapter_46,https://www.guwendao.net/guwen/bookv_6b041486e2ba.aspx,downloaded
47,德经,第四十七章,chapter_47,https://www.guwendao.net/guwen/bookv_aadb0261d471.aspx,downloaded
48,德经,第四十八章,chapter_48,https://www.guwendao.net/guwen/bookv_1019321fb676.aspx,downloaded
49,德经,第四十九章,chapter_49,https://www.guwendao.net/guwen/bookv_7d910ae77f87.aspx,downloaded
50,德经,第五十章,chapter_50,https://www.guwendao.net/guwen/bookv_9162563f6bc5.aspx,downloaded
51,德经,第五十一章,chapter_51,https://www.guwendao.net/guwen/bookv_d963c5226b1b.aspx,downloaded
52,德经,第五十二章,chapter_52,https://www.guwendao.net/guwen/bookv_207b11669133.aspx,downloaded
53,德经,第五十三章,chapter_53,https://www.guwendao.net/guwen/bookv_c0ef47c29d22.aspx,downloaded
54,德经,第五十四章,chapter_54,https://www.guwendao.net/guwen/bookv_ac57565ce2ec.aspx,downloaded
55,德经,第五十五章,chapter_55,https://www.guwendao.net/guwen/bookv_6a1d07c7fa26.aspx,downloaded
56,德经,第五十六章,chapter_56,https://www.guwendao.net/guwen/bookv_38866e5c11c4.aspx,downloaded
57,德经,第五十七章,chapter_57,https://www.guwendao.net/guwen/bookv_c8d3513b8415.aspx,downloaded
58,德经,第五十八章,chapter_58,https://www.guwendao.net/guwen/bookv_61c20ef47f98.aspx,downloaded
59,德经,第五十九章,chapter_59,https://www.guwendao.net/guwen/bookv_d02716f98ce5.aspx,downloaded
60,德经,第六十章,chapter_60,https://www.guwendao.net/guwen/bookv_d9e21dacc705.aspx,downloaded
61,德经,第六十一章,chapter_61,https://www.guwendao.net/guwen/bookv_ef2be017a929.aspx,downloaded
62,德经,第六十二章,chapter_62,https://www.guwendao.net/guwen/bookv_a85f98f4661c.aspx,downloaded
63,德经,第六十三章,chapter_63,https://www.guwendao.net/guwen/bookv_cbe230d1ebe0.aspx,downloaded
64,德经,第六十四章,chapter_64,https://www.guwendao.net/guwen/bookv_bf9326eb9ea5.aspx,downloaded
65,德经,第六十五章,chapter_65,https://www.guwendao.net/guwen/bookv_5619c7a3fe12.aspx,downloaded
66,德经,第六十六章,chapter_66,https://www.guwendao.net/guwen/bookv_a4e22b988b06.aspx,downloaded
67,德经,第六十七章,chapter_67,https://www.guwendao.net/guwen/bookv_03f008cf82bf.aspx,downloaded
68,德经,第六十八章,chapter_68,https://www.guwendao.net/guwen/bookv_2ab0e40a84bb.aspx,downloaded
69,德经,第六十九章,chapter_69,https://www.guwendao.net/guwen/bookv_53184c2637c6.aspx,downloaded
70,德经,第七十章,chapter_70,https://www.guwendao.net/guwen/bookv_87f5b181ff2f.aspx,downloaded
71,德经,第七十一章,chapter_71,https://www.guwendao.net/guwen/bookv_3dc2270369f6.aspx,downloaded
72,德经,第七十二章,chapter_72,https://www.guwendao.net/guwen/bookv_d993d4de8569.aspx,downloaded
73,德经,第七十三章,chapter_73,https://www.guwendao.net/guwen/bookv_447eec1e2892.aspx,downloaded
74,德经,第七十四章,chapter_74,https://www.guwendao.net/guwen/bookv_071ce48f5f52.aspx,downloaded
75,德经,第七十五章,chapter_75,https://www.guwendao.net/guwen/bookv_f6a76296267e.aspx,downloaded
76,德经,第七十六章,chapter_76,https://www.guwendao.net/guwen/bookv_20a9014644d4.aspx,downloaded
77,德经,第七十七章,chapter_77,https://www.guwendao.net/guwen/bookv_eb4aafb86155.aspx,downloaded
78,德经,第七十八章,chapter_78,https://www.guwendao.net/guwen/bookv_692bc624844a.aspx,downloaded
79,德经,第七十九章,chapter_79,https://www.guwendao.net/guwen/bookv_d0c7c7a10357.aspx,downloaded
80,德经,第八十章,chapter_80,https://www.guwendao.net/guwen/bookv_536bfa49604b.aspx,downloaded
81,德经,第八十一章,chapter_81,https://www.guwendao.net/guwen/bookv_18313b3243d4.aspx,downloaded
