sequence,section,title,source_url
1,道经,第一章,https://www.guwendao.net/guwen/bookv_63ba586b03e1.aspx
2,道经,第二章,https://www.guwendao.net/guwen/bookv_1b6bf917f516.aspx
3,道经,第三章,https://www.guwendao.net/guwen/bookv_707abe280c97.aspx
4,道经,第四章,https://www.guwendao.net/guwen/bookv_efa351ddc1c3.aspx
5,道经,第五章,https://www.guwendao.net/guwen/bookv_2eb38f157c06.aspx
6,道经,第六章,https://www.guwendao.net/guwen/bookv_cf224778b5bd.aspx
7,道经,第七章,https://www.guwendao.net/guwen/bookv_4b01871e420d.aspx
8,道经,第八章,https://www.guwendao.net/guwen/bookv_01bcd8413ca9.aspx
9,道经,第九章,https://www.guwendao.net/guwen/bookv_e1902fa4008b.aspx
10,道经,第十章,https://www.guwendao.net/guwen/bookv_b657c458f63d.aspx
11,道经,第十一章,https://www.guwendao.net/guwen/bookv_5ac2d5dc003d.aspx
12,道经,第十二章,https://www.guwendao.net/guwen/bookv_e4f379e849f4.aspx
13,道经,第十三章,https://www.guwendao.net/guwen/bookv_a765101151fd.aspx
14,道经,第十四章,https://www.guwendao.net/guwen/bookv_a3d4775ed3da.aspx
15,道经,第十五章,https://www.guwendao.net/guwen/bookv_7e3866adb87f.aspx
16,道经,第十六章,https://www.guwendao.net/guwen/bookv_d46440d06b59.aspx
17,道经,第十七章,https://www.guwendao.net/guwen/bookv_3c90f5f32a41.aspx
18,道经,第十八章,https://www.guwendao.net/guwen/bookv_fc8ab38fd21b.aspx
19,道经,第十九章,https://www.guwendao.net/guwen/bookv_0634c8dad60f.aspx
20,道经,第二十章,https://www.guwendao.net/guwen/bookv_a38d526de63b.aspx
21,道经,第二十一章,https://www.guwendao.net/guwen/bookv_f545a4029d76.aspx
22,道经,第二十二章,https://www.guwendao.net/guwen/bookv_a35ba47e31ff.aspx
23,道经,第二十三章,https://www.guwendao.net/guwen/bookv_6a2267e29f55.aspx
24,道经,第二十四章,https://www.guwendao.net/guwen/bookv_4691812e8b23.aspx
25,道经,第二十五章,https://www.guwendao.net/guwen/bookv_0b1278714ab5.aspx
26,道经,第二十六章,https://www.guwendao.net/guwen/bookv_e5728e963d3a.aspx
27,道经,第二十七章,https://www.guwendao.net/guwen/bookv_2ecc436e70d2.aspx
28,道经,第二十八章,https://www.guwendao.net/guwen/bookv_34b2b4ac9802.aspx
29,道经,第二十九章,https://www.guwendao.net/guwen/bookv_4fbbe80a6941.aspx
30,道经,第三十章,https://www.guwendao.net/guwen/bookv_8a1801317ce6.aspx
31,道经,第三十一章,https://www.guwendao.net/guwen/bookv_00b8f8bcc56e.aspx
32,道经,第三十二章,https://www.guwendao.net/guwen/bookv_985b84b7f0a6.aspx
33,道经,第三十三章,https://www.guwendao.net/guwen/bookv_1b96a26bcf42.aspx
34,道经,第三十四章,https://www.guwendao.net/guwen/bookv_e79ec2a7c142.aspx
35,道经,第三十五章,https://www.guwendao.net/guwen/bookv_06a93801cd62.aspx
36,道经,第三十六章,https://www.guwendao.net/guwen/bookv_10cf82da938a.aspx
37,道经,第三十七章,https://www.guwendao.net/guwen/bookv_0fcfecffaff1.aspx
38,德经,第三十八章,https://www.guwendao.net/guwen/bookv_cd970e7de01c.aspx
39,德经,第三十九章,https://www.guwendao.net/guwen/bookv_f20c948fe183.aspx
40,德经,第四十章,https://www.guwendao.net/guwen/bookv_033fbfc80f3f.aspx
41,德经,第四十一章,https://www.guwendao.net/guwen/bookv_89f674258f7c.aspx
42,德经,第四十二章,https://www.guwendao.net/guwen/bookv_f2f188c05710.aspx
43,德经,第四十三章,https://www.guwendao.net/guwen/bookv_032fb5a2bdbc.aspx
44,德经,第四十四章,https://www.guwendao.net/guwen/bookv_f3f96558dff4.aspx
45,德经,第四十五章,https://www.guwendao.net/guwen/bookv_001b7e3e4171.aspx
46,德经,第四十六章,https://www.guwendao.net/guwen/bookv_6b041486e2ba.aspx
47,德经,第四十七章,https://www.guwendao.net/guwen/bookv_aadb0261d471.aspx
48,德经,第四十八章,https://www.guwendao.net/guwen/bookv_1019321fb676.aspx
49,德经,第四十九章,https://www.guwendao.net/guwen/bookv_7d910ae77f87.aspx
50,德经,第五十章,https://www.guwendao.net/guwen/bookv_9162563f6bc5.aspx
51,德经,第五十一章,https://www.guwendao.net/guwen/bookv_d963c5226b1b.aspx
52,德经,第五十二章,https://www.guwendao.net/guwen/bookv_207b11669133.aspx
53,德经,第五十三章,https://www.guwendao.net/guwen/bookv_c0ef47c29d22.aspx
54,德经,第五十四章,https://www.guwendao.net/guwen/bookv_ac57565ce2ec.aspx
55,德经,第五十五章,https://www.guwendao.net/guwen/bookv_6a1d07c7fa26.aspx
56,德经,第五十六章,https://www.guwendao.net/guwen/bookv_38866e5c11c4.aspx
57,德经,第五十七章,https://www.guwendao.net/guwen/bookv_c8d3513b8415.aspx
58,德经,第五十八章,https://www.guwendao.net/guwen/bookv_61c20ef47f98.aspx
59,德经,第五十九章,https://www.guwendao.net/guwen/bookv_d02716f98ce5.aspx
60,德经,第六十章,https://www.guwendao.net/guwen/bookv_d9e21dacc705.aspx
61,德经,第六十一章,https://www.guwendao.net/guwen/bookv_ef2be017a929.aspx
62,德经,第六十二章,https://www.guwendao.net/guwen/bookv_a85f98f4661c.aspx
63,德经,第六十三章,https://www.guwendao.net/guwen/bookv_cbe230d1ebe0.aspx
64,德经,第六十四章,https://www.guwendao.net/guwen/bookv_bf9326eb9ea5.aspx
65,德经,第六十五章,https://www.guwendao.net/guwen/bookv_5619c7a3fe12.aspx
66,德经,第六十六章,https://www.guwendao.net/guwen/bookv_a4e22b988b06.aspx
67,德经,第六十七章,https://www.guwendao.net/guwen/bookv_03f008cf82bf.aspx
68,德经,第六十八章,https://www.guwendao.net/guwen/bookv_2ab0e40a84bb.aspx
69,德经,第六十九章,https://www.guwendao.net/guwen/bookv_53184c2637c6.aspx
70,德经,第七十章,https://www.guwendao.net/guwen/bookv_87f5b181ff2f.aspx
71,德经,第七十一章,https://www.guwendao.net/guwen/bookv_3dc2270369f6.aspx
72,德经,第七十二章,https://www.guwendao.net/guwen/bookv_d993d4de8569.aspx
73,德经,第七十三章,https://www.guwendao.net/guwen/bookv_447eec1e2892.aspx
74,德经,第七十四章,https://www.guwendao.net/guwen/bookv_071ce48f5f52.aspx
75,德经,第七十五章,https://www.guwendao.net/guwen/bookv_f6a76296267e.aspx
76,德经,第七十六章,https://www.guwendao.net/guwen/bookv_20a9014644d4.aspx
77,德经,第七十七章,https://www.guwendao.net/guwen/bookv_eb4aafb86155.aspx
78,德经,第七十八章,https://www.guwendao.net/guwen/bookv_692bc624844a.aspx
79,德经,第七十九章,https://www.guwendao.net/guwen/bookv_d0c7c7a10357.aspx
80,德经,第八十章,https://www.guwendao.net/guwen/bookv_536bfa49604b.aspx
81,德经,第八十一章,https://www.guwendao.net/guwen/bookv_18313b3243d4.aspx
