term,pinyin,annotation,type
覈,hé,"核 2 hé （覈）
动 对照；考查。
核算 | 核定 | 考核
用法说明 “核”字读 hé 是文读；hú 是白读，只用于单说的“核儿”和少数日常生活词语“枣核儿” “杏核儿”等。
另见 hú。",added
柰,nài,"柰 nài
名 古代指一种类似花红（也说沙果）的果树；也指这种树的果实。
用法说明 跟“奈”不同。",added
赍,jī,"赍 jī （賫）（賷）（齎）
〈文〉
①动 拿着东西送给人。
赍助
②动 心里怀着（某种想法）。
赍恨 | 赍志",added
讙,huān,"欢 huān （歡）（懽）（讙）（驩）
①形 高兴；喜悦。
人欢马叫 | 悲欢离合
②形 兴奋；欢喜。
欢歌笑语 | 欢度佳节 | 欢聚
③名 古代女子对恋人的爱称；今泛指喜爱或与之有恋情的人。
另有新欢 | 不忘旧欢
④形 〈口〉活跃；带劲。
马跑得很欢 | 越干越欢
另见 huān“驩”。",added
鲠,gěng,"鲠 gěng （鯁）（骾）
①名 〈文〉鱼骨头；鱼刺。
如鲠在喉
②动 （鱼刺等）卡在嗓子里。
鱼刺鲠住了喉咙
③同 “耿”。现在一般写作“耿”。",added
阏,è,"阏 è （閼）
〈文〉
①动 阻塞。
阏止 | 阏塞
②名 用来阻塞遮挡的东西。
堤阏（水闸）
另见 yān。",added
祕,mì,"祕 mì
①名 姓。
②用于人名。
用法说明 用于其他意义时，“祕”是“秘（mì）”的异体字。
另见 mì“秘”。",added
裒,póu,"裒 póu
〈文〉
①动 聚集。
裒兵守境 | 裒辑
②动 取出；减去。
裒多益寡（取有余，补不足）。
用法说明 中间是“臼”。",added
