sequence,section,year,author,title,featured,source_url,status
1,《纽约每日论坛报》论文,,卡·马克思,美国问题在英国,no,https://www.marxists.org/chinese/marx-engels/15/052.htm,available
2,《纽约每日论坛报》论文,,卡·马克思,不列颠的棉花贸易,no,https://www.marxists.org/chinese/marx-engels/15/053.htm,available
3,《纽约每日论坛报》论文,,卡·马克思,伦敦“泰晤士报”评奥尔良亲王赴美,no,https://www.marxists.org/chinese/marx-engels/15/055.htm,available
4,《纽约每日论坛报》论文,,卡·马克思,对墨西哥的干涉,no,https://www.marxists.org/chinese/marx-engels/15/062.htm,available
5,《纽约每日论坛报》论文,,卡·马克思,“特伦特号”事件的消息和伦敦的反应,no,https://www.marxists.org/chinese/marx-engels/15/069.htm,available
6,《纽约每日论坛报》论文,,卡·马克思,英国国内同情心的增长,no,https://www.marxists.org/chinese/marx-engels/15/073.htm,available
7,《纽约每日论坛报》论文,,卡·马克思,英国的舆论,no,https://www.marxists.org/chinese/marx-engels/15/081.htm,available
8,《维也纳新闻》论文,,卡·马克思,北美内战,no,https://www.marxists.org/chinese/marx-engels/15/056.htm,available
9,《维也纳新闻》论文,,卡·马克思,美国内战,no,https://www.marxists.org/chinese/marx-engels/15/057.htm,available
10,《维也纳新闻》论文,,卡·马克思,英国的危机,no,https://www.marxists.org/chinese/marx-engels/15/058.htm,available
11,《维也纳新闻》论文,,卡·马克思,经济短评,no,https://www.marxists.org/chinese/marx-engels/15/060.htm,available
12,《维也纳新闻》论文,,卡·马克思,对墨西哥的干涉,no,https://www.marxists.org/chinese/marx-engels/15/061.htm,available
13,《维也纳新闻》论文,,卡·马克思,弗里芒特的免职,no,https://www.marxists.org/chinese/marx-engels/15/065.htm,available
14,《维也纳新闻》论文,,卡·马克思,“特伦特号”事件,no,https://www.marxists.org/chinese/marx-engels/15/067.htm,available
15,《维也纳新闻》论文,,卡·马克思,英美的冲突,no,https://www.marxists.org/chinese/marx-engels/15/068.htm,available
16,《维也纳新闻》论文,,弗·恩格斯,美国战争的教训,yes,https://www.marxists.org/chinese/marx-engels/15/070.htm,available
17,《维也纳新闻》论文,,卡·马克思,“特伦特号”剧中的几位主角,no,https://www.marxists.org/chinese/marx-engels/15/071.htm,available
18,《维也纳新闻》论文,,卡·马克思,关于“特伦特号”事件的争论,yes,https://www.marxists.org/chinese/marx-engels/15/072.htm,available
19,《维也纳新闻》论文,,卡·马克思,奴隶制问题的危机,yes,https://www.marxists.org/chinese/marx-engels/15/074.htm,available
20,《维也纳新闻》论文,,卡·马克思,美国近况,yes,https://www.marxists.org/chinese/marx-engels/15/075.htm,available
21,《维也纳新闻》论文,,卡·马克思,华盛顿政府与西方列强,no,https://www.marxists.org/chinese/marx-engels/15/077.htm,available
22,《维也纳新闻》论文,,卡·马克思,报刊的意见和人民的意见,no,https://www.marxists.org/chinese/marx-engels/15/078.htm,available
23,《维也纳新闻》论文,,卡·马克思,法国的新闻敲诈。——战争的经济后果,no,https://www.marxists.org/chinese/marx-engels/15/079.htm,available
24,《维也纳新闻》论文,,卡·马克思,一个同情美国的大会,no,https://www.marxists.org/chinese/marx-engels/15/080.htm,available
25,《维也纳新闻》论文,,卡·马克思,西华德的公文被隐匿的经过,no,https://www.marxists.org/chinese/marx-engels/15/082.htm,available
26,《维也纳新闻》论文,,卡·马克思,约翰·罗素勋爵的一次政变,no,https://www.marxists.org/chinese/marx-engels/15/084.htm,available
27,《维也纳新闻》论文,,卡·马克思,伦敦的工人大会,no,https://www.marxists.org/chinese/marx-engels/15/085.htm,available
28,《维也纳新闻》论文,,卡·马克思,反干涉的情绪,no,https://www.marxists.org/chinese/marx-engels/15/086.htm,available
29,《维也纳新闻》论文,,卡·马克思,关于棉纺织工业的危机,no,https://www.marxists.org/chinese/marx-engels/15/087.htm,available
30,《维也纳新闻》论文,,卡·马克思,议会中关于答词的辩论,no,https://www.marxists.org/chinese/marx-engels/15/089.htm,available
31,《维也纳新闻》论文,,卡·马克思,美国近事,no,https://www.marxists.org/chinese/marx-engels/15/091.htm,available
32,《维也纳新闻》论文,,卡·马克思,脱离派的朋友们在下院。——美国的封锁被承认,no,https://www.marxists.org/chinese/marx-engels/15/092.htm,available
33,《维也纳新闻》论文,,卡·马克思和弗·恩格斯,美国内战,no,https://www.marxists.org/chinese/marx-engels/15/093.htm,available
34,《维也纳新闻》论文,,卡·马克思,国际性的米勒斯案,no,https://www.marxists.org/chinese/marx-engels/15/094.htm,available
35,《维也纳新闻》论文,,卡·马克思,英国报刊与新奥尔良的陷落,no,https://www.marxists.org/chinese/marx-engels/15/095.htm,available
36,《维也纳新闻》论文,,卡·马克思,制止奴隶买卖的条约,no,https://www.marxists.org/chinese/marx-engels/15/096.htm,available
37,《维也纳新闻》论文,,卡·马克思和弗·恩格斯,美国战场的形势,no,https://www.marxists.org/chinese/marx-engels/15/097.htm,available
38,《维也纳新闻》论文,,卡·马克思,英国的人道与美国,no,https://www.marxists.org/chinese/marx-engels/15/098.htm,available
39,《维也纳新闻》论文,,弗·恩格斯,装甲舰及撞击舰和美国内战,yes,https://www.marxists.org/chinese/marx-engels/15/099.htm,available
40,《维也纳新闻》论文,,卡·马克思,关于墨西哥问题的辩论被压制和同法国的联盟,no,https://www.marxists.org/chinese/marx-engels/15/102.htm,available
41,《维也纳新闻》论文,,卡·马克思,评美国局势,no,https://www.marxists.org/chinese/marx-engels/15/103.htm,available
42,《维也纳新闻》论文,,卡·马克思,罗素抗议美国无礼。——谷物价格上涨。——意大利的状况,yes,https://www.marxists.org/chinese/marx-engels/15/104.htm,available
43,《维也纳新闻》论文,,卡·马克思,美国废奴派的示威,no,https://www.marxists.org/chinese/marx-engels/15/105.htm,available
44,《维也纳新闻》论文,,卡·马克思,北美事件,yes,https://www.marxists.org/chinese/marx-engels/15/110.htm,available
45,《维也纳新闻》论文,,卡·马克思,北美形势,no,https://www.marxists.org/chinese/marx-engels/15/112.htm,available
46,《维也纳新闻》论文,,卡·马克思,南部同盟势穷力竭的迹象,yes,https://www.marxists.org/chinese/marx-engels/15/113.htm,available
47,《维也纳新闻》论文,,卡·马克思,北部各州的选举结果,yes,https://www.marxists.org/chinese/marx-engels/15/114.htm,available
48,《维也纳新闻》论文,,卡·马克思,麦克累伦的免职,no,https://www.marxists.org/chinese/marx-engels/15/115.htm,available
49,《维也纳新闻》论文,,卡·马克思,英国的中立。——南部各州的状况,no,https://www.marxists.org/chinese/marx-engels/15/116.htm,available
50,马克思和恩格斯的通信,1860,马克思,马克思致恩格斯（1月11日左右）,no,https://www.marxists.org/chinese/marx-engels/30/001.htm,available
51,马克思和恩格斯的通信,1860,恩格斯,恩格斯致马克思（1月26日）,no,https://www.marxists.org/chinese/marx-engels/30/003.htm,available
52,马克思和恩格斯的通信,1861,恩格斯,恩格斯致马克思（1月7日）,no,https://www.marxists.org/chinese/marx-engels/30/086.htm,available
53,马克思和恩格斯的通信,1861,恩格斯,恩格斯致马克思（6月12日）,no,https://www.marxists.org/chinese/marx-engels/30/103.htm,available
54,马克思和恩格斯的通信,1861,马克思,马克思致恩格斯（6月19日）,no,https://www.marxists.org/chinese/marx-engels/30/104.htm,available
55,马克思和恩格斯的通信,1861,马克思,马克思致恩格斯（7月1日）,no,https://www.marxists.org/chinese/marx-engels/30/105.htm,available
56,马克思和恩格斯的通信,1861,恩格斯,恩格斯致马克思（7月3日）,no,https://www.marxists.org/chinese/marx-engels/30/106.htm,available
57,马克思和恩格斯的通信,1861,马克思,马克思致恩格斯（7月5日）,no,https://www.marxists.org/chinese/marx-engels/30/107.htm,available
58,马克思和恩格斯的通信,1861,恩格斯,恩格斯致马克思（11月27日）,no,https://www.marxists.org/chinese/marx-engels/30/116.htm,available
59,马克思和恩格斯的通信,1861,马克思,马克思致恩格斯（12月9日）,no,https://www.marxists.org/chinese/marx-engels/30/119.htm,available
60,马克思和恩格斯的通信,1861,马克思,马克思致恩格斯（12月19日）,no,https://www.marxists.org/chinese/marx-engels/30/121.htm,available
61,马克思和恩格斯的通信,1862,马克思,马克思致恩格斯（3月3日）,no,https://www.marxists.org/chinese/marx-engels/30/125.htm,available
62,马克思和恩格斯的通信,1862,恩格斯,恩格斯致马克思（3月5日）,no,https://www.marxists.org/chinese/marx-engels/30/126.htm,available
63,马克思和恩格斯的通信,1862,马克思,马克思致恩格斯（3月6日）,no,https://www.marxists.org/chinese/marx-engels/30/127.htm,available
64,马克思和恩格斯的通信,1862,马克思,马克思致恩格斯（4月28日）,no,https://www.marxists.org/chinese/marx-engels/30/130.htm,available
65,马克思和恩格斯的通信,1862,恩格斯,恩格斯致马克思（5月5日）,no,https://www.marxists.org/chinese/marx-engels/30/131.htm,available
66,马克思和恩格斯的通信,1862,马克思,马克思致恩格斯（5月6日）,no,https://www.marxists.org/chinese/marx-engels/30/132.htm,available
67,马克思和恩格斯的通信,1862,恩格斯,恩格斯致马克思（5月12日）,no,https://www.marxists.org/chinese/marx-engels/30/133.htm,available
68,马克思和恩格斯的通信,1862,恩格斯,恩格斯致马克思（5月23日）,no,https://www.marxists.org/chinese/marx-engels/30/136.htm,available
69,马克思和恩格斯的通信,1862,马克思,马克思致恩格斯（5月27日）,no,https://www.marxists.org/chinese/marx-engels/30/137.htm,available
70,马克思和恩格斯的通信,1862,恩格斯,恩格斯致马克思（5月29日）,no,https://www.marxists.org/chinese/marx-engels/30/138.htm,available
71,马克思和恩格斯的通信,1862,恩格斯,恩格斯致马克思（6月4日）,no,https://www.marxists.org/chinese/marx-engels/30/139.htm,available
72,马克思和恩格斯的通信,1862,恩格斯,恩格斯致马克思（7月30日）,no,https://www.marxists.org/chinese/marx-engels/30/146.htm,available
73,马克思和恩格斯的通信,1862,马克思,马克思致恩格斯（7月30日）,no,https://www.marxists.org/chinese/marx-engels/30/147.htm,available
74,马克思和恩格斯的通信,1862,马克思,马克思致恩格斯（8月7日）,no,https://www.marxists.org/chinese/marx-engels/30/151.htm,available
75,马克思和恩格斯的通信,1862,恩格斯,恩格斯致马克思（9月9日）,no,https://www.marxists.org/chinese/marx-engels/30/160.htm,available
76,马克思和恩格斯的通信,1862,马克思,马克思致恩格斯（9月10日）,no,https://www.marxists.org/chinese/marx-engels/30/161.htm,available
77,马克思和恩格斯的通信,1862,恩格斯,恩格斯致马克思（10月16日）,no,https://www.marxists.org/chinese/marx-engels/30/162.htm,available
78,马克思和恩格斯的通信,1862,马克思,马克思致恩格斯（10月29日）,no,https://www.marxists.org/chinese/marx-engels/30/163.htm,available
79,马克思和恩格斯的通信,1862,恩格斯,恩格斯致马克思（11月5日）,no,https://www.marxists.org/chinese/marx-engels/30/165.htm,available
80,马克思和恩格斯的通信,1862,恩格斯,恩格斯致马克思（11月15日）,no,https://www.marxists.org/chinese/marx-engels/30/168.htm,available
81,马克思和恩格斯的通信,1862,马克思,马克思致恩格斯（11月17日）,no,https://www.marxists.org/chinese/marx-engels/30/169.htm,available
82,马克思和恩格斯的通信,1862,马克思,马克思致恩格斯（11月20日）,no,https://www.marxists.org/chinese/marx-engels/30/170.htm,available
83,马克思和恩格斯的通信,1862,恩格斯,恩格斯致马克思（12月30日）,no,https://www.marxists.org/chinese/marx-engels/30/173.htm,available
84,马克思和恩格斯的通信,1863,马克思,马克思致恩格斯（1月2日）,no,https://www.marxists.org/chinese/marx-engels/30/174.htm,available
85,马克思和恩格斯的通信,1863,马克思,马克思致恩格斯（2月13日）,no,https://www.marxists.org/chinese/marx-engels/30/181.htm,available
86,马克思和恩格斯的通信,1863,恩格斯,恩格斯致马克思（2月17日）,no,https://www.marxists.org/chinese/marx-engels/30/183.htm,available
87,马克思和恩格斯的通信,1863,马克思,马克思致恩格斯（3月24日）,no,https://www.marxists.org/chinese/marx-engels/30/188.htm,available
88,马克思和恩格斯的通信,1863,恩格斯,恩格斯致马克思（6月11日）,no,https://www.marxists.org/chinese/marx-engels/30/196.htm,available
89,马克思和恩格斯的通信,1863,马克思,马克思致恩格斯（7月6日）,no,https://www.marxists.org/chinese/marx-engels/30/200.htm,available
90,马克思和恩格斯的通信,1863,马克思,马克思致恩格斯（8月15日）,no,https://www.marxists.org/chinese/marx-engels/30/201.htm,available
91,马克思和恩格斯的通信,1864,马克思,马克思致恩格斯（5月26日）,no,https://www.marxists.org/chinese/marx-engels/30/219.htm,available
92,马克思和恩格斯的通信,1864,恩格斯,恩格斯致马克思（5月30日）,no,https://www.marxists.org/chinese/marx-engels/30/220.htm,available
93,马克思和恩格斯的通信,1864,马克思,马克思致恩格斯（6月7日）,no,https://www.marxists.org/chinese/marx-engels/30/223.htm,available
94,马克思和恩格斯的通信,1864,恩格斯,恩格斯致马克思（6月9日）,no,https://www.marxists.org/chinese/marx-engels/30/224.htm,available
95,马克思和恩格斯的通信,1864,恩格斯,恩格斯致马克思（9月4日）,no,https://www.marxists.org/chinese/marx-engels/30/233.htm,available
96,马克思和恩格斯的通信,1864,马克思,马克思致恩格斯（9月7日）,no,https://www.marxists.org/chinese/marx-engels/30/234.htm,available
97,马克思和恩格斯的通信,1864,恩格斯,恩格斯致马克思（11月9日）,no,https://www.marxists.org/chinese/marx-engels/31/005.htm,available
98,马克思和恩格斯的通信,1864,马克思,马克思致恩格斯（12月2日）,no,https://www.marxists.org/chinese/marx-engels/31/012.htm,available
99,马克思和恩格斯的通信,1865,马克思,马克思致恩格斯（2月6日）,no,https://www.marxists.org/chinese/marx-engels/31/023.htm,available
100,马克思和恩格斯的通信,1865,恩格斯,恩格斯致马克思（2月7日）,no,https://www.marxists.org/chinese/marx-engels/31/024.htm,available
101,马克思和恩格斯的通信,1865,马克思,马克思致恩格斯（2月10日）,no,https://www.marxists.org/chinese/marx-engels/31/026.htm,available
102,马克思和恩格斯的通信,1865,马克思,马克思致恩格斯（3月4日）,no,https://www.marxists.org/chinese/marx-engels/31/039.htm,available
103,马克思和恩格斯的通信,1865,恩格斯,恩格斯致马克思（4月16日）,no,https://www.marxists.org/chinese/marx-engels/31/049.htm,available
104,马克思和恩格斯的通信,1865,马克思,马克思致恩格斯（5月1日）,no,https://www.marxists.org/chinese/marx-engels/31/051.htm,available
105,马克思和恩格斯的通信,1865,恩格斯,恩格斯致马克思（5月3日）,no,https://www.marxists.org/chinese/marx-engels/31/052.htm,available
106,马克思和恩格斯的通信,1865,马克思,马克思致恩格斯（5月9日）,no,https://www.marxists.org/chinese/marx-engels/31/053.htm,available
107,马克思和恩格斯的通信,1865,马克思,马克思致恩格斯（5月20日）,no,https://www.marxists.org/chinese/marx-engels/31/056.htm,available
108,马克思和恩格斯的通信,1865,马克思,马克思致恩格斯（6月24日）,no,https://www.marxists.org/chinese/marx-engels/31/057.htm,available
109,马克思和恩格斯的通信,1865,恩格斯,恩格斯致马克思（7月15日）,no,https://www.marxists.org/chinese/marx-engels/31/058.htm,available
110,马克思和恩格斯的通信,1866,马克思,马克思致恩格斯（4月23日）,no,https://www.marxists.org/chinese/marx-engels/31/105.htm,available
111,附录,,卡·马克思,致美国总统阿伯拉罕·林肯,no,https://www.marxists.org/chinese/marx-engels/16/004.htm,available
112,附录,,马克思、恩格斯,美国公使对国际工人联合会的信的复信,no,https://www.marxists.org/chinese/marx-engels/subject/us-civilwar-4-2.htm,available
113,附录,,卡·马克思,国际工人协会致约翰逊总统的公开信,no,https://www.marxists.org/chinese/marx-engels/16/020.htm,available
